🔐 Stripe initialized with key starting with: sk_live...
🔐 Admin account 'admin' synchronized with password.
🔐 Super Admin check complete
⚠️  No admin account for restaurant "MATGO" (slug: matgo). Create one via the admin panel.
🏪 Restaurant admin logins ensured
🏷️ Home category sections ensured
🧹 Starting daily database cleanup...

🚀 MatGo API körs på port 3100
📡 Socket.IO redo
🌍 Internt: http://localhost:3100
🌐 Externt: http://192.168.0.3:3100 (kontrollera ifconfig om detta ej funkar)

[OpeningHours] Slot 11:00-00:00 isWithin: false
[Watchdog] MATGO: shouldBeOpen=false, currentStatus=false
[OpeningHours] Slot 11:00-00:00 isWithin: false
[Watchdog] Palmyra Pizzeria: shouldBeOpen=false, currentStatus=false
✨ Cleanup complete.
[OpeningHours] Slot 11:00-00:00 isWithin: false
[Watchdog] MATGO: shouldBeOpen=false, currentStatus=false
[OpeningHours] Slot 11:00-00:00 isWithin: false
[Watchdog] Palmyra Pizzeria: shouldBeOpen=false, currentStatus=false
[OpeningHours] Slot 11:00-00:00 isWithin: false
[Watchdog] MATGO: shouldBeOpen=false, currentStatus=false
[OpeningHours] Slot 11:00-00:00 isWithin: false
[Watchdog] Palmyra Pizzeria: shouldBeOpen=false, currentStatus=false
[OpeningHours] Slot 11:00-00:00 isWithin: false
[Watchdog] MATGO: shouldBeOpen=false, currentStatus=false
[OpeningHours] Slot 11:00-00:00 isWithin: false
[Watchdog] Palmyra Pizzeria: shouldBeOpen=false, currentStatus=false
[OpeningHours] Slot 11:00-00:00 isWithin: false
[Watchdog] MATGO: shouldBeOpen=false, currentStatus=false
[OpeningHours] Slot 11:00-00:00 isWithin: false
[Watchdog] Palmyra Pizzeria: shouldBeOpen=false, currentStatus=false
[OpeningHours] Slot 11:00-00:00 isWithin: false
[Watchdog] MATGO: shouldBeOpen=false, currentStatus=false
[OpeningHours] Slot 11:00-00:00 isWithin: false
[Watchdog] Palmyra Pizzeria: shouldBeOpen=false, currentStatus=false
🔌 Client connected: 2sWXYt0eby59gOuAAAAB
👮 Restaurant admin joined room cmnxhfd1z000110wjrhizs4nh: 2sWXYt0eby59gOuAAAAB
👮 Restaurant admin joined room cmnxhfd1z000110wjrhizs4nh: 2sWXYt0eby59gOuAAAAB
[OpeningHours] Slot 11:00-00:00 isWithin: false
[Watchdog] MATGO: shouldBeOpen=false, currentStatus=false
[OpeningHours] Slot 11:00-00:00 isWithin: false
[Watchdog] Palmyra Pizzeria: shouldBeOpen=false, currentStatus=false
[OpeningHours] Slot 11:00-00:00 isWithin: false
[Watchdog] MATGO: shouldBeOpen=false, currentStatus=false
[OpeningHours] Slot 11:00-00:00 isWithin: false
[Watchdog] Palmyra Pizzeria: shouldBeOpen=false, currentStatus=false
[OpeningHours] Slot 11:00-00:00 isWithin: false
[Watchdog] MATGO: shouldBeOpen=false, currentStatus=false
[OpeningHours] Slot 11:00-00:00 isWithin: false
[Watchdog] Palmyra Pizzeria: shouldBeOpen=false, currentStatus=false
[OpeningHours] Slot 11:00-00:00 isWithin: false
[Watchdog] MATGO: shouldBeOpen=false, currentStatus=false
[OpeningHours] Slot 11:00-00:00 isWithin: false
[Watchdog] Palmyra Pizzeria: shouldBeOpen=false, currentStatus=false
[OpeningHours] Slot 11:00-00:00 isWithin: false
[Watchdog] MATGO: shouldBeOpen=false, currentStatus=false
[OpeningHours] Slot 11:00-00:00 isWithin: false
[Watchdog] Palmyra Pizzeria: shouldBeOpen=false, currentStatus=false
[OpeningHours] Slot 11:00-00:00 isWithin: false
[Watchdog] MATGO: shouldBeOpen=false, currentStatus=false
[OpeningHours] Slot 11:00-00:00 isWithin: false
[Watchdog] Palmyra Pizzeria: shouldBeOpen=false, currentStatus=false
[OpeningHours] Slot 11:00-00:00 isWithin: false
[Watchdog] MATGO: shouldBeOpen=false, currentStatus=false
[OpeningHours] Slot 11:00-00:00 isWithin: false
[Watchdog] Palmyra Pizzeria: shouldBeOpen=false, currentStatus=false
[OpeningHours] Slot 11:00-00:00 isWithin: false
[Watchdog] MATGO: shouldBeOpen=false, currentStatus=false
[OpeningHours] Slot 11:00-00:00 isWithin: false
[Watchdog] Palmyra Pizzeria: shouldBeOpen=false, currentStatus=false
[OpeningHours] Slot 11:00-00:00 isWithin: false
[Watchdog] MATGO: shouldBeOpen=false, currentStatus=false
[OpeningHours] Slot 11:00-00:00 isWithin: false
[Watchdog] Palmyra Pizzeria: shouldBeOpen=false, currentStatus=false
[OpeningHours] Slot 11:00-00:00 isWithin: false
[Watchdog] MATGO: shouldBeOpen=false, currentStatus=false
[OpeningHours] Slot 11:00-00:00 isWithin: false
[Watchdog] Palmyra Pizzeria: shouldBeOpen=false, currentStatus=false
❌ Client disconnected: 2sWXYt0eby59gOuAAAAB
🔌 Client connected: CgYuwJ7FnLJfC1puAAAD
👮 Restaurant admin joined room cmnxhfd1z000110wjrhizs4nh: CgYuwJ7FnLJfC1puAAAD
👮 Restaurant admin joined room cmnxhfd1z000110wjrhizs4nh: CgYuwJ7FnLJfC1puAAAD
[OpeningHours] Slot 11:00-00:00 isWithin: false
[Watchdog] MATGO: shouldBeOpen=false, currentStatus=false
[OpeningHours] Slot 11:00-00:00 isWithin: false
[Watchdog] Palmyra Pizzeria: shouldBeOpen=false, currentStatus=false
❌ Client disconnected: CgYuwJ7FnLJfC1puAAAD
🔌 Client connected: p0U0-990unpRmSUQAAAF
👮 Restaurant admin joined room cmnxhfd1z000110wjrhizs4nh: p0U0-990unpRmSUQAAAF
👮 Restaurant admin joined room cmnxhfd1z000110wjrhizs4nh: p0U0-990unpRmSUQAAAF
prisma:error Error in PostgreSQL connection: Error { kind: Closed, cause: None }
prisma:error 
Invalid `prisma_1.default.restaurant.findMany()` invocation in
/Users/jalle/testa/packages/api/dist/lib/restaurantStatus.js:13:63

  10 async function checkAllRestaurantsStatus() {
  11     // console.log('[Watchdog] Checking all restaurants status...');
  12     try {
→ 13         const restaurants = await prisma_1.default.restaurant.findMany(
Server has closed the connection.
[Watchdog] Error checking restaurant status: PrismaClientKnownRequestError: 
Invalid `prisma_1.default.restaurant.findMany()` invocation in
/Users/jalle/testa/packages/api/dist/lib/restaurantStatus.js:13:63

  10 async function checkAllRestaurantsStatus() {
  11     // console.log('[Watchdog] Checking all restaurants status...');
  12     try {
→ 13         const restaurants = await prisma_1.default.restaurant.findMany(
Server has closed the connection.
    at $n.handleRequestError (/Users/jalle/testa/node_modules/.pnpm/@prisma+client@5.22.0_prisma@5.22.0/node_modules/@prisma/client/runtime/library.js:121:7315)
    at $n.handleAndLogRequestError (/Users/jalle/testa/node_modules/.pnpm/@prisma+client@5.22.0_prisma@5.22.0/node_modules/@prisma/client/runtime/library.js:121:6623)
    at $n.request (/Users/jalle/testa/node_modules/.pnpm/@prisma+client@5.22.0_prisma@5.22.0/node_modules/@prisma/client/runtime/library.js:121:6307)
    at async l (/Users/jalle/testa/node_modules/.pnpm/@prisma+client@5.22.0_prisma@5.22.0/node_modules/@prisma/client/runtime/library.js:130:9633)
    at async checkAllRestaurantsStatus (/Users/jalle/testa/packages/api/dist/lib/restaurantStatus.js:13:29) {
  code: 'P1017',
  clientVersion: '5.22.0',
  meta: { modelName: 'Restaurant' }
}
prisma:error Error in PostgreSQL connection: Error { kind: Closed, cause: None }
prisma:error Error in PostgreSQL connection: Error { kind: Closed, cause: None }
[OpeningHours] Slot 11:00-00:00 isWithin: false
[Watchdog] MATGO: shouldBeOpen=false, currentStatus=false
[OpeningHours] Slot 11:00-00:00 isWithin: false
[Watchdog] Palmyra Pizzeria: shouldBeOpen=false, currentStatus=false
prisma:error Error in PostgreSQL connection: Error { kind: Closed, cause: None }
[OpeningHours] Slot 11:00-00:00 isWithin: false
[Watchdog] MATGO: shouldBeOpen=false, currentStatus=false
[OpeningHours] Slot 11:00-00:00 isWithin: false
[Watchdog] Palmyra Pizzeria: shouldBeOpen=false, currentStatus=false
prisma:error Error in PostgreSQL connection: Error { kind: Closed, cause: None }
[OpeningHours] Slot 11:00-00:00 isWithin: false
[Watchdog] MATGO: shouldBeOpen=false, currentStatus=false
[OpeningHours] Slot 11:00-00:00 isWithin: false
[Watchdog] Palmyra Pizzeria: shouldBeOpen=false, currentStatus=false
prisma:error Error in PostgreSQL connection: Error { kind: Closed, cause: None }
[OpeningHours] Slot 11:00-00:00 isWithin: false
[Watchdog] MATGO: shouldBeOpen=false, currentStatus=false
[OpeningHours] Slot 11:00-00:00 isWithin: false
[Watchdog] Palmyra Pizzeria: shouldBeOpen=false, currentStatus=false
[OpeningHours] Slot 11:00-00:00 isWithin: false
[Watchdog] MATGO: shouldBeOpen=false, currentStatus=false
[OpeningHours] Slot 11:00-00:00 isWithin: false
[Watchdog] Palmyra Pizzeria: shouldBeOpen=false, currentStatus=false
[OpeningHours] Slot 11:00-00:00 isWithin: false
[Watchdog] MATGO: shouldBeOpen=false, currentStatus=false
[OpeningHours] Slot 11:00-00:00 isWithin: false
[Watchdog] Palmyra Pizzeria: shouldBeOpen=false, currentStatus=false
prisma:error Error in PostgreSQL connection: Error { kind: Closed, cause: None }
[OpeningHours] Slot 11:00-00:00 isWithin: false
[Watchdog] MATGO: shouldBeOpen=false, currentStatus=false
[OpeningHours] Slot 11:00-00:00 isWithin: false
[Watchdog] Palmyra Pizzeria: shouldBeOpen=false, currentStatus=false
prisma:error Error in PostgreSQL connection: Error { kind: Closed, cause: None }
prisma:error 
Invalid `prisma_1.default.restaurant.findMany()` invocation in
/Users/jalle/testa/packages/api/dist/lib/restaurantStatus.js:13:63

  10 async function checkAllRestaurantsStatus() {
  11     // console.log('[Watchdog] Checking all restaurants status...');
  12     try {
→ 13         const restaurants = await prisma_1.default.restaurant.findMany(
Server has closed the connection.
[Watchdog] Error checking restaurant status: PrismaClientKnownRequestError: 
Invalid `prisma_1.default.restaurant.findMany()` invocation in
/Users/jalle/testa/packages/api/dist/lib/restaurantStatus.js:13:63

  10 async function checkAllRestaurantsStatus() {
  11     // console.log('[Watchdog] Checking all restaurants status...');
  12     try {
→ 13         const restaurants = await prisma_1.default.restaurant.findMany(
Server has closed the connection.
    at $n.handleRequestError (/Users/jalle/testa/node_modules/.pnpm/@prisma+client@5.22.0_prisma@5.22.0/node_modules/@prisma/client/runtime/library.js:121:7315)
    at $n.handleAndLogRequestError (/Users/jalle/testa/node_modules/.pnpm/@prisma+client@5.22.0_prisma@5.22.0/node_modules/@prisma/client/runtime/library.js:121:6623)
    at $n.request (/Users/jalle/testa/node_modules/.pnpm/@prisma+client@5.22.0_prisma@5.22.0/node_modules/@prisma/client/runtime/library.js:121:6307)
    at async l (/Users/jalle/testa/node_modules/.pnpm/@prisma+client@5.22.0_prisma@5.22.0/node_modules/@prisma/client/runtime/library.js:130:9633)
    at async checkAllRestaurantsStatus (/Users/jalle/testa/packages/api/dist/lib/restaurantStatus.js:13:29) {
  code: 'P1017',
  clientVersion: '5.22.0',
  meta: { modelName: 'Restaurant' }
}
prisma:error Error in PostgreSQL connection: Error { kind: Closed, cause: None }
[OpeningHours] Slot 11:00-00:00 isWithin: false
[Watchdog] MATGO: shouldBeOpen=false, currentStatus=false
[OpeningHours] Slot 11:00-00:00 isWithin: false
[Watchdog] Palmyra Pizzeria: shouldBeOpen=false, currentStatus=false
prisma:error Error in PostgreSQL connection: Error { kind: Closed, cause: None }
[OpeningHours] Slot 11:00-00:00 isWithin: false
[Watchdog] MATGO: shouldBeOpen=false, currentStatus=false
[OpeningHours] Slot 11:00-00:00 isWithin: false
[Watchdog] Palmyra Pizzeria: shouldBeOpen=false, currentStatus=false
prisma:error Error in PostgreSQL connection: Error { kind: Closed, cause: None }
[OpeningHours] Slot 11:00-00:00 isWithin: false
[Watchdog] MATGO: shouldBeOpen=false, currentStatus=false
[OpeningHours] Slot 11:00-00:00 isWithin: false
[Watchdog] Palmyra Pizzeria: shouldBeOpen=false, currentStatus=false
prisma:error Error in PostgreSQL connection: Error { kind: Closed, cause: None }
[OpeningHours] Slot 11:00-00:00 isWithin: false
[Watchdog] MATGO: shouldBeOpen=false, currentStatus=false
[OpeningHours] Slot 11:00-00:00 isWithin: false
[Watchdog] Palmyra Pizzeria: shouldBeOpen=false, currentStatus=false
prisma:error Error in PostgreSQL connection: Error { kind: Closed, cause: None }
[OpeningHours] Slot 11:00-00:00 isWithin: false
[Watchdog] MATGO: shouldBeOpen=false, currentStatus=false
[OpeningHours] Slot 11:00-00:00 isWithin: false
[Watchdog] Palmyra Pizzeria: shouldBeOpen=false, currentStatus=false
prisma:error Error in PostgreSQL connection: Error { kind: Closed, cause: None }
[OpeningHours] Slot 11:00-00:00 isWithin: true
[Watchdog] MATGO: shouldBeOpen=true, currentStatus=true
[OpeningHours] Slot 11:00-00:00 isWithin: true
[Watchdog] Palmyra Pizzeria: shouldBeOpen=true, currentStatus=true
[OpeningHours] Slot 11:00-00:00 isWithin: true
[Watchdog] MATGO: shouldBeOpen=true, currentStatus=true
[OpeningHours] Slot 11:00-00:00 isWithin: true
[Watchdog] Palmyra Pizzeria: shouldBeOpen=true, currentStatus=true
prisma:error Error in PostgreSQL connection: Error { kind: Closed, cause: None }
prisma:error Error in PostgreSQL connection: Error { kind: Closed, cause: None }
[OpeningHours] Slot 11:00-00:00 isWithin: true
[Watchdog] MATGO: shouldBeOpen=true, currentStatus=true
[OpeningHours] Slot 11:00-00:00 isWithin: true
[Watchdog] Palmyra Pizzeria: shouldBeOpen=true, currentStatus=true
prisma:error Error in PostgreSQL connection: Error { kind: Closed, cause: None }
[OpeningHours] Slot 11:00-00:00 isWithin: true
[Watchdog] MATGO: shouldBeOpen=true, currentStatus=true
[OpeningHours] Slot 11:00-00:00 isWithin: true
[Watchdog] Palmyra Pizzeria: shouldBeOpen=true, currentStatus=true
prisma:error Error in PostgreSQL connection: Error { kind: Closed, cause: None }
[OpeningHours] Slot 11:00-00:00 isWithin: true
[Watchdog] MATGO: shouldBeOpen=true, currentStatus=true
[OpeningHours] Slot 11:00-00:00 isWithin: true
[Watchdog] Palmyra Pizzeria: shouldBeOpen=true, currentStatus=true
prisma:error Error in PostgreSQL connection: Error { kind: Closed, cause: None }
[OpeningHours] Slot 11:00-00:00 isWithin: true
[Watchdog] MATGO: shouldBeOpen=true, currentStatus=true
[OpeningHours] Slot 11:00-00:00 isWithin: true
[Watchdog] Palmyra Pizzeria: shouldBeOpen=true, currentStatus=true
prisma:error Error in PostgreSQL connection: Error { kind: Closed, cause: None }
[OpeningHours] Slot 11:00-00:00 isWithin: true
[Watchdog] MATGO: shouldBeOpen=true, currentStatus=true
[OpeningHours] Slot 11:00-00:00 isWithin: true
[Watchdog] Palmyra Pizzeria: shouldBeOpen=true, currentStatus=true
prisma:error Error in PostgreSQL connection: Error { kind: Closed, cause: None }
[OpeningHours] Slot 11:00-00:00 isWithin: true
[Watchdog] MATGO: shouldBeOpen=true, currentStatus=true
[OpeningHours] Slot 11:00-00:00 isWithin: true
[Watchdog] Palmyra Pizzeria: shouldBeOpen=true, currentStatus=true
prisma:error Error in PostgreSQL connection: Error { kind: Closed, cause: None }
prisma:error 
Invalid `prisma_1.default.restaurant.findMany()` invocation in
/Users/jalle/testa/packages/api/dist/lib/restaurantStatus.js:13:63

  10 async function checkAllRestaurantsStatus() {
  11     // console.log('[Watchdog] Checking all restaurants status...');
  12     try {
→ 13         const restaurants = await prisma_1.default.restaurant.findMany(
Server has closed the connection.
[Watchdog] Error checking restaurant status: PrismaClientKnownRequestError: 
Invalid `prisma_1.default.restaurant.findMany()` invocation in
/Users/jalle/testa/packages/api/dist/lib/restaurantStatus.js:13:63

  10 async function checkAllRestaurantsStatus() {
  11     // console.log('[Watchdog] Checking all restaurants status...');
  12     try {
→ 13         const restaurants = await prisma_1.default.restaurant.findMany(
Server has closed the connection.
    at $n.handleRequestError (/Users/jalle/testa/node_modules/.pnpm/@prisma+client@5.22.0_prisma@5.22.0/node_modules/@prisma/client/runtime/library.js:121:7315)
    at $n.handleAndLogRequestError (/Users/jalle/testa/node_modules/.pnpm/@prisma+client@5.22.0_prisma@5.22.0/node_modules/@prisma/client/runtime/library.js:121:6623)
    at $n.request (/Users/jalle/testa/node_modules/.pnpm/@prisma+client@5.22.0_prisma@5.22.0/node_modules/@prisma/client/runtime/library.js:121:6307)
    at async l (/Users/jalle/testa/node_modules/.pnpm/@prisma+client@5.22.0_prisma@5.22.0/node_modules/@prisma/client/runtime/library.js:130:9633)
    at async checkAllRestaurantsStatus (/Users/jalle/testa/packages/api/dist/lib/restaurantStatus.js:13:29) {
  code: 'P1017',
  clientVersion: '5.22.0',
  meta: { modelName: 'Restaurant' }
}
[OpeningHours] Slot 11:00-00:00 isWithin: true
[Watchdog] MATGO: shouldBeOpen=true, currentStatus=true
[OpeningHours] Slot 11:00-00:00 isWithin: true
[Watchdog] Palmyra Pizzeria: shouldBeOpen=true, currentStatus=true
prisma:error Error in PostgreSQL connection: Error { kind: Closed, cause: None }
[OpeningHours] Slot 11:00-00:00 isWithin: true
[Watchdog] MATGO: shouldBeOpen=true, currentStatus=true
[OpeningHours] Slot 11:00-00:00 isWithin: true
[Watchdog] Palmyra Pizzeria: shouldBeOpen=true, currentStatus=true
prisma:error Error in PostgreSQL connection: Error { kind: Closed, cause: None }
[OpeningHours] Slot 11:00-00:00 isWithin: true
[Watchdog] MATGO: shouldBeOpen=true, currentStatus=true
[OpeningHours] Slot 11:00-00:00 isWithin: true
[Watchdog] Palmyra Pizzeria: shouldBeOpen=true, currentStatus=true
prisma:error Error in PostgreSQL connection: Error { kind: Closed, cause: None }
[OpeningHours] Slot 11:00-00:00 isWithin: true
[Watchdog] MATGO: shouldBeOpen=true, currentStatus=true
[OpeningHours] Slot 11:00-00:00 isWithin: true
[Watchdog] Palmyra Pizzeria: shouldBeOpen=true, currentStatus=true
[OpeningHours] Slot 11:00-00:00 isWithin: true
[Watchdog] MATGO: shouldBeOpen=true, currentStatus=true
[OpeningHours] Slot 11:00-00:00 isWithin: true
[Watchdog] Palmyra Pizzeria: shouldBeOpen=true, currentStatus=true
prisma:error Error in PostgreSQL connection: Error { kind: Closed, cause: None }
[OpeningHours] Slot 11:00-00:00 isWithin: true
[Watchdog] MATGO: shouldBeOpen=true, currentStatus=true
[OpeningHours] Slot 11:00-00:00 isWithin: true
[Watchdog] Palmyra Pizzeria: shouldBeOpen=true, currentStatus=true
prisma:error Error in PostgreSQL connection: Error { kind: Closed, cause: None }
[OpeningHours] Slot 11:00-00:00 isWithin: true
[Watchdog] MATGO: shouldBeOpen=true, currentStatus=true
[OpeningHours] Slot 11:00-00:00 isWithin: true
[Watchdog] Palmyra Pizzeria: shouldBeOpen=true, currentStatus=true
prisma:error Error in PostgreSQL connection: Error { kind: Closed, cause: None }
[OpeningHours] Slot 11:00-00:00 isWithin: true
[Watchdog] MATGO: shouldBeOpen=true, currentStatus=true
[OpeningHours] Slot 11:00-00:00 isWithin: true
[Watchdog] Palmyra Pizzeria: shouldBeOpen=true, currentStatus=true
prisma:error Error in PostgreSQL connection: Error { kind: Closed, cause: None }
[OpeningHours] Slot 11:00-00:00 isWithin: true
[Watchdog] MATGO: shouldBeOpen=true, currentStatus=true
[OpeningHours] Slot 11:00-00:00 isWithin: true
[Watchdog] Palmyra Pizzeria: shouldBeOpen=true, currentStatus=true
prisma:error 
Invalid `prisma_1.default.restaurant.findMany()` invocation in
/Users/jalle/testa/packages/api/dist/lib/restaurantStatus.js:13:63

  10 async function checkAllRestaurantsStatus() {
  11     // console.log('[Watchdog] Checking all restaurants status...');
  12     try {
→ 13         const restaurants = await prisma_1.default.restaurant.findMany(
Timed out fetching a new connection from the connection pool. More info: http://pris.ly/d/connection-pool (Current connection pool timeout: 10, connection limit: 17)
[Watchdog] Error checking restaurant status: PrismaClientKnownRequestError: 
Invalid `prisma_1.default.restaurant.findMany()` invocation in
/Users/jalle/testa/packages/api/dist/lib/restaurantStatus.js:13:63

  10 async function checkAllRestaurantsStatus() {
  11     // console.log('[Watchdog] Checking all restaurants status...');
  12     try {
→ 13         const restaurants = await prisma_1.default.restaurant.findMany(
Timed out fetching a new connection from the connection pool. More info: http://pris.ly/d/connection-pool (Current connection pool timeout: 10, connection limit: 17)
    at $n.handleRequestError (/Users/jalle/testa/node_modules/.pnpm/@prisma+client@5.22.0_prisma@5.22.0/node_modules/@prisma/client/runtime/library.js:121:7315)
    at $n.handleAndLogRequestError (/Users/jalle/testa/node_modules/.pnpm/@prisma+client@5.22.0_prisma@5.22.0/node_modules/@prisma/client/runtime/library.js:121:6623)
    at $n.request (/Users/jalle/testa/node_modules/.pnpm/@prisma+client@5.22.0_prisma@5.22.0/node_modules/@prisma/client/runtime/library.js:121:6307)
    at async l (/Users/jalle/testa/node_modules/.pnpm/@prisma+client@5.22.0_prisma@5.22.0/node_modules/@prisma/client/runtime/library.js:130:9633)
    at async checkAllRestaurantsStatus (/Users/jalle/testa/packages/api/dist/lib/restaurantStatus.js:13:29) {
  code: 'P2024',
  clientVersion: '5.22.0',
  meta: { modelName: 'Restaurant', connection_limit: 17, timeout: 10 }
}
prisma:error Error in PostgreSQL connection: Error { kind: Closed, cause: None }
prisma:error 
Invalid `prisma_1.default.restaurant.findMany()` invocation in
/Users/jalle/testa/packages/api/dist/lib/restaurantStatus.js:13:63

  10 async function checkAllRestaurantsStatus() {
  11     // console.log('[Watchdog] Checking all restaurants status...');
  12     try {
→ 13         const restaurants = await prisma_1.default.restaurant.findMany(
Can't reach database server at `aws-1-eu-central-1.pooler.supabase.com:6543`

Please make sure your database server is running at `aws-1-eu-central-1.pooler.supabase.com:6543`.
[Watchdog] Error checking restaurant status: PrismaClientKnownRequestError: 
Invalid `prisma_1.default.restaurant.findMany()` invocation in
/Users/jalle/testa/packages/api/dist/lib/restaurantStatus.js:13:63

  10 async function checkAllRestaurantsStatus() {
  11     // console.log('[Watchdog] Checking all restaurants status...');
  12     try {
→ 13         const restaurants = await prisma_1.default.restaurant.findMany(
Can't reach database server at `aws-1-eu-central-1.pooler.supabase.com:6543`

Please make sure your database server is running at `aws-1-eu-central-1.pooler.supabase.com:6543`.
    at $n.handleRequestError (/Users/jalle/testa/node_modules/.pnpm/@prisma+client@5.22.0_prisma@5.22.0/node_modules/@prisma/client/runtime/library.js:121:7315)
    at $n.handleAndLogRequestError (/Users/jalle/testa/node_modules/.pnpm/@prisma+client@5.22.0_prisma@5.22.0/node_modules/@prisma/client/runtime/library.js:121:6623)
    at $n.request (/Users/jalle/testa/node_modules/.pnpm/@prisma+client@5.22.0_prisma@5.22.0/node_modules/@prisma/client/runtime/library.js:121:6307)
    at async l (/Users/jalle/testa/node_modules/.pnpm/@prisma+client@5.22.0_prisma@5.22.0/node_modules/@prisma/client/runtime/library.js:130:9633)
    at async checkAllRestaurantsStatus (/Users/jalle/testa/packages/api/dist/lib/restaurantStatus.js:13:29) {
  code: 'P1001',
  clientVersion: '5.22.0',
  meta: {
    modelName: 'Restaurant',
    database_host: 'aws-1-eu-central-1.pooler.supabase.com',
    database_port: 6543
  }
}
prisma:error 
Invalid `prisma_1.default.restaurant.findMany()` invocation in
/Users/jalle/testa/packages/api/dist/lib/restaurantStatus.js:13:63

  10 async function checkAllRestaurantsStatus() {
  11     // console.log('[Watchdog] Checking all restaurants status...');
  12     try {
→ 13         const restaurants = await prisma_1.default.restaurant.findMany(
Can't reach database server at `aws-1-eu-central-1.pooler.supabase.com:6543`

Please make sure your database server is running at `aws-1-eu-central-1.pooler.supabase.com:6543`.
[Watchdog] Error checking restaurant status: PrismaClientKnownRequestError: 
Invalid `prisma_1.default.restaurant.findMany()` invocation in
/Users/jalle/testa/packages/api/dist/lib/restaurantStatus.js:13:63

  10 async function checkAllRestaurantsStatus() {
  11     // console.log('[Watchdog] Checking all restaurants status...');
  12     try {
→ 13         const restaurants = await prisma_1.default.restaurant.findMany(
Can't reach database server at `aws-1-eu-central-1.pooler.supabase.com:6543`

Please make sure your database server is running at `aws-1-eu-central-1.pooler.supabase.com:6543`.
    at $n.handleRequestError (/Users/jalle/testa/node_modules/.pnpm/@prisma+client@5.22.0_prisma@5.22.0/node_modules/@prisma/client/runtime/library.js:121:7315)
    at $n.handleAndLogRequestError (/Users/jalle/testa/node_modules/.pnpm/@prisma+client@5.22.0_prisma@5.22.0/node_modules/@prisma/client/runtime/library.js:121:6623)
    at $n.request (/Users/jalle/testa/node_modules/.pnpm/@prisma+client@5.22.0_prisma@5.22.0/node_modules/@prisma/client/runtime/library.js:121:6307)
    at async l (/Users/jalle/testa/node_modules/.pnpm/@prisma+client@5.22.0_prisma@5.22.0/node_modules/@prisma/client/runtime/library.js:130:9633)
    at async checkAllRestaurantsStatus (/Users/jalle/testa/packages/api/dist/lib/restaurantStatus.js:13:29) {
  code: 'P1001',
  clientVersion: '5.22.0',
  meta: {
    modelName: 'Restaurant',
    database_host: 'aws-1-eu-central-1.pooler.supabase.com',
    database_port: 6543
  }
}
[OpeningHours] Slot 11:00-00:00 isWithin: true
[Watchdog] MATGO: shouldBeOpen=true, currentStatus=true
[OpeningHours] Slot 11:00-00:00 isWithin: true
[Watchdog] Palmyra Pizzeria: shouldBeOpen=true, currentStatus=true
prisma:error Error in PostgreSQL connection: Error { kind: Closed, cause: None }
[OpeningHours] Slot 11:00-00:00 isWithin: true
[Watchdog] MATGO: shouldBeOpen=true, currentStatus=true
[OpeningHours] Slot 11:00-00:00 isWithin: true
[Watchdog] Palmyra Pizzeria: shouldBeOpen=true, currentStatus=true
prisma:error Error in PostgreSQL connection: Error { kind: Closed, cause: None }
prisma:error 
Invalid `prisma_1.default.restaurant.findMany()` invocation in
/Users/jalle/testa/packages/api/dist/lib/restaurantStatus.js:13:63

  10 async function checkAllRestaurantsStatus() {
  11     // console.log('[Watchdog] Checking all restaurants status...');
  12     try {
→ 13         const restaurants = await prisma_1.default.restaurant.findMany(
Server has closed the connection.
[Watchdog] Error checking restaurant status: PrismaClientKnownRequestError: 
Invalid `prisma_1.default.restaurant.findMany()` invocation in
/Users/jalle/testa/packages/api/dist/lib/restaurantStatus.js:13:63

  10 async function checkAllRestaurantsStatus() {
  11     // console.log('[Watchdog] Checking all restaurants status...');
  12     try {
→ 13         const restaurants = await prisma_1.default.restaurant.findMany(
Server has closed the connection.
    at $n.handleRequestError (/Users/jalle/testa/node_modules/.pnpm/@prisma+client@5.22.0_prisma@5.22.0/node_modules/@prisma/client/runtime/library.js:121:7315)
    at $n.handleAndLogRequestError (/Users/jalle/testa/node_modules/.pnpm/@prisma+client@5.22.0_prisma@5.22.0/node_modules/@prisma/client/runtime/library.js:121:6623)
    at $n.request (/Users/jalle/testa/node_modules/.pnpm/@prisma+client@5.22.0_prisma@5.22.0/node_modules/@prisma/client/runtime/library.js:121:6307)
    at async l (/Users/jalle/testa/node_modules/.pnpm/@prisma+client@5.22.0_prisma@5.22.0/node_modules/@prisma/client/runtime/library.js:130:9633)
    at async checkAllRestaurantsStatus (/Users/jalle/testa/packages/api/dist/lib/restaurantStatus.js:13:29) {
  code: 'P1017',
  clientVersion: '5.22.0',
  meta: { modelName: 'Restaurant' }
}
[OpeningHours] Slot 11:00-00:00 isWithin: true
[Watchdog] MATGO: shouldBeOpen=true, currentStatus=true
[OpeningHours] Slot 11:00-00:00 isWithin: true
[Watchdog] Palmyra Pizzeria: shouldBeOpen=true, currentStatus=true
prisma:error Error in PostgreSQL connection: Error { kind: Closed, cause: None }
[OpeningHours] Slot 11:00-00:00 isWithin: true
[Watchdog] MATGO: shouldBeOpen=true, currentStatus=true
[OpeningHours] Slot 11:00-00:00 isWithin: true
[Watchdog] Palmyra Pizzeria: shouldBeOpen=true, currentStatus=true
[OpeningHours] Slot 11:00-00:00 isWithin: true
[Watchdog] MATGO: shouldBeOpen=true, currentStatus=true
[OpeningHours] Slot 11:00-00:00 isWithin: true
[Watchdog] Palmyra Pizzeria: shouldBeOpen=true, currentStatus=true
prisma:error Error in PostgreSQL connection: Error { kind: Closed, cause: None }
[OpeningHours] Slot 11:00-00:00 isWithin: true
[Watchdog] MATGO: shouldBeOpen=true, currentStatus=true
[OpeningHours] Slot 11:00-00:00 isWithin: true
[Watchdog] Palmyra Pizzeria: shouldBeOpen=true, currentStatus=true
❌ Client disconnected: p0U0-990unpRmSUQAAAF
prisma:error Error in PostgreSQL connection: Error { kind: Closed, cause: None }
[OpeningHours] Slot 11:00-00:00 isWithin: true
[Watchdog] MATGO: shouldBeOpen=true, currentStatus=true
[OpeningHours] Slot 11:00-00:00 isWithin: true
[Watchdog] Palmyra Pizzeria: shouldBeOpen=true, currentStatus=true
🔌 Client connected: ObBfXqkzZc59viuWAAAH
prisma:error Error in PostgreSQL connection: Error { kind: Closed, cause: None }
👮 Restaurant admin joined room cmnxhfd1z000110wjrhizs4nh: ObBfXqkzZc59viuWAAAH
👮 Restaurant admin joined room cmnxhfd1z000110wjrhizs4nh: ObBfXqkzZc59viuWAAAH
prisma:error Error in PostgreSQL connection: Error { kind: Closed, cause: None }
[OpeningHours] Slot 11:00-00:00 isWithin: true
[Watchdog] MATGO: shouldBeOpen=true, currentStatus=true
[OpeningHours] Slot 11:00-00:00 isWithin: true
[Watchdog] Palmyra Pizzeria: shouldBeOpen=true, currentStatus=true
prisma:error Error in PostgreSQL connection: Error { kind: Closed, cause: None }
[OpeningHours] Slot 11:00-00:00 isWithin: true
[Watchdog] MATGO: shouldBeOpen=true, currentStatus=true
[OpeningHours] Slot 11:00-00:00 isWithin: true
[Watchdog] Palmyra Pizzeria: shouldBeOpen=true, currentStatus=true
prisma:error Error in PostgreSQL connection: Error { kind: Closed, cause: None }
[OpeningHours] Slot 11:00-00:00 isWithin: true
[Watchdog] MATGO: shouldBeOpen=true, currentStatus=true
[OpeningHours] Slot 11:00-00:00 isWithin: true
[Watchdog] Palmyra Pizzeria: shouldBeOpen=true, currentStatus=true
[OpeningHours] Slot 11:00-00:00 isWithin: true
[Watchdog] MATGO: shouldBeOpen=true, currentStatus=true
[OpeningHours] Slot 11:00-00:00 isWithin: true
[Watchdog] Palmyra Pizzeria: shouldBeOpen=true, currentStatus=true
prisma:error Error in PostgreSQL connection: Error { kind: Closed, cause: None }
[OpeningHours] Slot 11:00-00:00 isWithin: true
[Watchdog] MATGO: shouldBeOpen=true, currentStatus=true
[OpeningHours] Slot 11:00-00:00 isWithin: true
[Watchdog] Palmyra Pizzeria: shouldBeOpen=true, currentStatus=true
prisma:error Error in PostgreSQL connection: Error { kind: Closed, cause: None }
[OpeningHours] Slot 11:00-00:00 isWithin: true
[Watchdog] MATGO: shouldBeOpen=true, currentStatus=true
[OpeningHours] Slot 11:00-00:00 isWithin: true
[Watchdog] Palmyra Pizzeria: shouldBeOpen=true, currentStatus=true
prisma:error 
Invalid `prisma_1.default.restaurant.findMany()` invocation in
/Users/jalle/testa/packages/api/dist/lib/restaurantStatus.js:13:63

  10 async function checkAllRestaurantsStatus() {
  11     // console.log('[Watchdog] Checking all restaurants status...');
  12     try {
→ 13         const restaurants = await prisma_1.default.restaurant.findMany(
Timed out fetching a new connection from the connection pool. More info: http://pris.ly/d/connection-pool (Current connection pool timeout: 10, connection limit: 17)
[Watchdog] Error checking restaurant status: PrismaClientKnownRequestError: 
Invalid `prisma_1.default.restaurant.findMany()` invocation in
/Users/jalle/testa/packages/api/dist/lib/restaurantStatus.js:13:63

  10 async function checkAllRestaurantsStatus() {
  11     // console.log('[Watchdog] Checking all restaurants status...');
  12     try {
→ 13         const restaurants = await prisma_1.default.restaurant.findMany(
Timed out fetching a new connection from the connection pool. More info: http://pris.ly/d/connection-pool (Current connection pool timeout: 10, connection limit: 17)
    at $n.handleRequestError (/Users/jalle/testa/node_modules/.pnpm/@prisma+client@5.22.0_prisma@5.22.0/node_modules/@prisma/client/runtime/library.js:121:7315)
    at $n.handleAndLogRequestError (/Users/jalle/testa/node_modules/.pnpm/@prisma+client@5.22.0_prisma@5.22.0/node_modules/@prisma/client/runtime/library.js:121:6623)
    at $n.request (/Users/jalle/testa/node_modules/.pnpm/@prisma+client@5.22.0_prisma@5.22.0/node_modules/@prisma/client/runtime/library.js:121:6307)
    at async l (/Users/jalle/testa/node_modules/.pnpm/@prisma+client@5.22.0_prisma@5.22.0/node_modules/@prisma/client/runtime/library.js:130:9633)
    at async checkAllRestaurantsStatus (/Users/jalle/testa/packages/api/dist/lib/restaurantStatus.js:13:29) {
  code: 'P2024',
  clientVersion: '5.22.0',
  meta: { modelName: 'Restaurant', connection_limit: 17, timeout: 10 }
}
[OpeningHours] Slot 11:00-00:00 isWithin: true
[Watchdog] MATGO: shouldBeOpen=true, currentStatus=true
[OpeningHours] Slot 11:00-00:00 isWithin: true
[Watchdog] Palmyra Pizzeria: shouldBeOpen=true, currentStatus=true
[OpeningHours] Slot 11:00-00:00 isWithin: true
[Watchdog] MATGO: shouldBeOpen=true, currentStatus=true
[OpeningHours] Slot 11:00-00:00 isWithin: true
[Watchdog] Palmyra Pizzeria: shouldBeOpen=true, currentStatus=true
[OpeningHours] Slot 11:00-00:00 isWithin: true
[Watchdog] MATGO: shouldBeOpen=true, currentStatus=true
[OpeningHours] Slot 11:00-00:00 isWithin: true
[Watchdog] Palmyra Pizzeria: shouldBeOpen=true, currentStatus=true
[OpeningHours] Slot 11:00-00:00 isWithin: true
[Watchdog] MATGO: shouldBeOpen=true, currentStatus=true
[OpeningHours] Slot 11:00-00:00 isWithin: true
[Watchdog] Palmyra Pizzeria: shouldBeOpen=true, currentStatus=true
[OpeningHours] Slot 11:00-00:00 isWithin: true
[Watchdog] MATGO: shouldBeOpen=true, currentStatus=true
[OpeningHours] Slot 11:00-00:00 isWithin: true
[Watchdog] Palmyra Pizzeria: shouldBeOpen=true, currentStatus=true
[OpeningHours] Slot 11:00-00:00 isWithin: true
[Watchdog] MATGO: shouldBeOpen=true, currentStatus=true
[OpeningHours] Slot 11:00-00:00 isWithin: true
[Watchdog] Palmyra Pizzeria: shouldBeOpen=true, currentStatus=true
[OpeningHours] Slot 11:00-00:00 isWithin: true
[Watchdog] MATGO: shouldBeOpen=true, currentStatus=true
[OpeningHours] Slot 11:00-00:00 isWithin: true
[Watchdog] Palmyra Pizzeria: shouldBeOpen=true, currentStatus=true
[OpeningHours] Slot 11:00-00:00 isWithin: true
[Watchdog] MATGO: shouldBeOpen=true, currentStatus=true
[OpeningHours] Slot 11:00-00:00 isWithin: true
[Watchdog] Palmyra Pizzeria: shouldBeOpen=true, currentStatus=true
[OpeningHours] Slot 11:00-00:00 isWithin: true
[Watchdog] MATGO: shouldBeOpen=true, currentStatus=true
[OpeningHours] Slot 11:00-00:00 isWithin: true
[Watchdog] Palmyra Pizzeria: shouldBeOpen=true, currentStatus=true
[OpeningHours] Slot 11:00-00:00 isWithin: true
[Watchdog] MATGO: shouldBeOpen=true, currentStatus=true
[OpeningHours] Slot 11:00-00:00 isWithin: true
[Watchdog] Palmyra Pizzeria: shouldBeOpen=true, currentStatus=true
[OpeningHours] Slot 11:00-00:00 isWithin: true
[Watchdog] MATGO: shouldBeOpen=true, currentStatus=true
[OpeningHours] Slot 11:00-00:00 isWithin: true
[Watchdog] Palmyra Pizzeria: shouldBeOpen=true, currentStatus=true
[OpeningHours] Slot 11:00-00:00 isWithin: true
[Watchdog] MATGO: shouldBeOpen=true, currentStatus=true
[OpeningHours] Slot 11:00-00:00 isWithin: true
[Watchdog] Palmyra Pizzeria: shouldBeOpen=true, currentStatus=true
[OpeningHours] Slot 11:00-00:00 isWithin: true
[Watchdog] MATGO: shouldBeOpen=true, currentStatus=true
[OpeningHours] Slot 11:00-00:00 isWithin: true
[Watchdog] Palmyra Pizzeria: shouldBeOpen=true, currentStatus=true
[OpeningHours] Slot 11:00-00:00 isWithin: true
[Watchdog] MATGO: shouldBeOpen=true, currentStatus=true
[OpeningHours] Slot 11:00-00:00 isWithin: true
[Watchdog] Palmyra Pizzeria: shouldBeOpen=true, currentStatus=true
[OpeningHours] Slot 11:00-00:00 isWithin: true
[Watchdog] MATGO: shouldBeOpen=true, currentStatus=true
[OpeningHours] Slot 11:00-00:00 isWithin: true
[Watchdog] Palmyra Pizzeria: shouldBeOpen=true, currentStatus=true
[OpeningHours] Slot 11:00-00:00 isWithin: true
[Watchdog] MATGO: shouldBeOpen=true, currentStatus=true
[OpeningHours] Slot 11:00-00:00 isWithin: true
[Watchdog] Palmyra Pizzeria: shouldBeOpen=true, currentStatus=true
[OpeningHours] Slot 11:00-00:00 isWithin: true
[Watchdog] MATGO: shouldBeOpen=true, currentStatus=true
[OpeningHours] Slot 11:00-00:00 isWithin: true
[Watchdog] Palmyra Pizzeria: shouldBeOpen=true, currentStatus=true
[OpeningHours] Slot 11:00-00:00 isWithin: true
[Watchdog] MATGO: shouldBeOpen=true, currentStatus=true
[OpeningHours] Slot 11:00-00:00 isWithin: true
[Watchdog] Palmyra Pizzeria: shouldBeOpen=true, currentStatus=true
[OpeningHours] Slot 11:00-00:00 isWithin: true
[Watchdog] MATGO: shouldBeOpen=true, currentStatus=true
[OpeningHours] Slot 11:00-00:00 isWithin: true
[Watchdog] Palmyra Pizzeria: shouldBeOpen=true, currentStatus=true
[OpeningHours] Slot 11:00-00:00 isWithin: true
[Watchdog] MATGO: shouldBeOpen=true, currentStatus=true
[OpeningHours] Slot 11:00-00:00 isWithin: true
[Watchdog] Palmyra Pizzeria: shouldBeOpen=true, currentStatus=true
❌ Client disconnected: ObBfXqkzZc59viuWAAAH
🔌 Client connected: lNEV4zzGlUKZMltKAAAJ
👮 Restaurant admin joined room cmnxhfd1z000110wjrhizs4nh: lNEV4zzGlUKZMltKAAAJ
👮 Restaurant admin joined room cmnxhfd1z000110wjrhizs4nh: lNEV4zzGlUKZMltKAAAJ
❌ Client disconnected: lNEV4zzGlUKZMltKAAAJ
[OpeningHours] Slot 11:00-00:00 isWithin: true
[Watchdog] MATGO: shouldBeOpen=true, currentStatus=true
[OpeningHours] Slot 11:00-00:00 isWithin: true
[Watchdog] Palmyra Pizzeria: shouldBeOpen=true, currentStatus=true
🔌 Client connected: EDLkx2XLHkzHoFDUAAAL
👮 Restaurant admin joined room cmnxhfd1z000110wjrhizs4nh: EDLkx2XLHkzHoFDUAAAL
👮 Restaurant admin joined room cmnxhfd1z000110wjrhizs4nh: EDLkx2XLHkzHoFDUAAAL
❌ Client disconnected: EDLkx2XLHkzHoFDUAAAL
🔌 Client connected: R7uEIRyBX9VziLVhAAAN
👮 Restaurant admin joined room cmnxhfd1z000110wjrhizs4nh: R7uEIRyBX9VziLVhAAAN
👮 Restaurant admin joined room cmnxhfd1z000110wjrhizs4nh: R7uEIRyBX9VziLVhAAAN
❌ Client disconnected: R7uEIRyBX9VziLVhAAAN
[OpeningHours] Slot 11:00-00:00 isWithin: true
[Watchdog] MATGO: shouldBeOpen=true, currentStatus=true
[OpeningHours] Slot 11:00-00:00 isWithin: true
[Watchdog] Palmyra Pizzeria: shouldBeOpen=true, currentStatus=true
🔌 Client connected: YYPbwL-Z7BQlwekdAAAP
👮 Restaurant admin joined room cmnxhfd1z000110wjrhizs4nh: YYPbwL-Z7BQlwekdAAAP
👮 Restaurant admin joined room cmnxhfd1z000110wjrhizs4nh: YYPbwL-Z7BQlwekdAAAP
❌ Client disconnected: YYPbwL-Z7BQlwekdAAAP
🔌 Client connected: AtdPtJVkmmtLxbh8AAAR
👮 Restaurant admin joined room cmnxhfd1z000110wjrhizs4nh: AtdPtJVkmmtLxbh8AAAR
👮 Restaurant admin joined room cmnxhfd1z000110wjrhizs4nh: AtdPtJVkmmtLxbh8AAAR
[OpeningHours] Slot 11:00-00:00 isWithin: true
[Watchdog] MATGO: shouldBeOpen=true, currentStatus=true
[OpeningHours] Slot 11:00-00:00 isWithin: true
[Watchdog] Palmyra Pizzeria: shouldBeOpen=true, currentStatus=true
[OpeningHours] Slot 11:00-00:00 isWithin: true
[Watchdog] MATGO: shouldBeOpen=true, currentStatus=true
[OpeningHours] Slot 11:00-00:00 isWithin: true
[Watchdog] Palmyra Pizzeria: shouldBeOpen=true, currentStatus=true
[OpeningHours] Slot 11:00-00:00 isWithin: true
[Watchdog] MATGO: shouldBeOpen=true, currentStatus=true
[OpeningHours] Slot 11:00-00:00 isWithin: true
[Watchdog] Palmyra Pizzeria: shouldBeOpen=true, currentStatus=true
[OpeningHours] Slot 11:00-00:00 isWithin: true
[Watchdog] MATGO: shouldBeOpen=true, currentStatus=true
[OpeningHours] Slot 11:00-00:00 isWithin: true
[Watchdog] Palmyra Pizzeria: shouldBeOpen=true, currentStatus=true
[OpeningHours] Slot 11:00-00:00 isWithin: true
[Watchdog] MATGO: shouldBeOpen=true, currentStatus=true
[OpeningHours] Slot 11:00-00:00 isWithin: true
[Watchdog] Palmyra Pizzeria: shouldBeOpen=true, currentStatus=true
[OpeningHours] Slot 11:00-00:00 isWithin: true
[Watchdog] MATGO: shouldBeOpen=true, currentStatus=true
[OpeningHours] Slot 11:00-00:00 isWithin: true
[Watchdog] Palmyra Pizzeria: shouldBeOpen=true, currentStatus=true
[OpeningHours] Slot 11:00-00:00 isWithin: true
[Watchdog] MATGO: shouldBeOpen=true, currentStatus=true
[OpeningHours] Slot 11:00-00:00 isWithin: true
[Watchdog] Palmyra Pizzeria: shouldBeOpen=true, currentStatus=true
[OpeningHours] Slot 11:00-00:00 isWithin: true
[Watchdog] MATGO: shouldBeOpen=true, currentStatus=true
[OpeningHours] Slot 11:00-00:00 isWithin: true
[Watchdog] Palmyra Pizzeria: shouldBeOpen=true, currentStatus=true
[OpeningHours] Slot 11:00-00:00 isWithin: true
[Watchdog] MATGO: shouldBeOpen=true, currentStatus=true
[OpeningHours] Slot 11:00-00:00 isWithin: true
[Watchdog] Palmyra Pizzeria: shouldBeOpen=true, currentStatus=true
[OpeningHours] Slot 11:00-00:00 isWithin: true
[Watchdog] MATGO: shouldBeOpen=true, currentStatus=true
[OpeningHours] Slot 11:00-00:00 isWithin: true
[Watchdog] Palmyra Pizzeria: shouldBeOpen=true, currentStatus=true
[OpeningHours] Slot 11:00-00:00 isWithin: true
[Watchdog] MATGO: shouldBeOpen=true, currentStatus=true
[OpeningHours] Slot 11:00-00:00 isWithin: true
[Watchdog] Palmyra Pizzeria: shouldBeOpen=true, currentStatus=true
[OpeningHours] Slot 11:00-00:00 isWithin: true
[Watchdog] MATGO: shouldBeOpen=true, currentStatus=true
[OpeningHours] Slot 11:00-00:00 isWithin: true
[Watchdog] Palmyra Pizzeria: shouldBeOpen=true, currentStatus=true
[OpeningHours] Slot 11:00-00:00 isWithin: true
[Watchdog] MATGO: shouldBeOpen=true, currentStatus=true
[OpeningHours] Slot 11:00-00:00 isWithin: true
[Watchdog] Palmyra Pizzeria: shouldBeOpen=true, currentStatus=true
[OpeningHours] Slot 11:00-00:00 isWithin: true
[Watchdog] MATGO: shouldBeOpen=true, currentStatus=true
[OpeningHours] Slot 11:00-00:00 isWithin: true
[Watchdog] Palmyra Pizzeria: shouldBeOpen=true, currentStatus=true
[OpeningHours] Slot 11:00-00:00 isWithin: true
[Watchdog] MATGO: shouldBeOpen=true, currentStatus=true
[OpeningHours] Slot 11:00-00:00 isWithin: true
[Watchdog] Palmyra Pizzeria: shouldBeOpen=true, currentStatus=true
[OpeningHours] Slot 11:00-00:00 isWithin: true
[Watchdog] MATGO: shouldBeOpen=true, currentStatus=true
[OpeningHours] Slot 11:00-00:00 isWithin: true
[Watchdog] Palmyra Pizzeria: shouldBeOpen=true, currentStatus=true
[OpeningHours] Slot 11:00-00:00 isWithin: true
[Watchdog] MATGO: shouldBeOpen=true, currentStatus=true
[OpeningHours] Slot 11:00-00:00 isWithin: true
[Watchdog] Palmyra Pizzeria: shouldBeOpen=true, currentStatus=true
[OpeningHours] Slot 11:00-00:00 isWithin: true
[Watchdog] MATGO: shouldBeOpen=true, currentStatus=true
[OpeningHours] Slot 11:00-00:00 isWithin: true
[Watchdog] Palmyra Pizzeria: shouldBeOpen=true, currentStatus=true
[OpeningHours] Slot 11:00-00:00 isWithin: true
[Watchdog] MATGO: shouldBeOpen=true, currentStatus=true
[OpeningHours] Slot 11:00-00:00 isWithin: true
[Watchdog] Palmyra Pizzeria: shouldBeOpen=true, currentStatus=true
prisma:error 
Invalid `prisma_1.default.restaurant.findMany()` invocation in
/Users/jalle/testa/packages/api/dist/lib/restaurantStatus.js:13:63

  10 async function checkAllRestaurantsStatus() {
  11     // console.log('[Watchdog] Checking all restaurants status...');
  12     try {
→ 13         const restaurants = await prisma_1.default.restaurant.findMany(
Timed out fetching a new connection from the connection pool. More info: http://pris.ly/d/connection-pool (Current connection pool timeout: 10, connection limit: 17)
[Watchdog] Error checking restaurant status: PrismaClientKnownRequestError: 
Invalid `prisma_1.default.restaurant.findMany()` invocation in
/Users/jalle/testa/packages/api/dist/lib/restaurantStatus.js:13:63

  10 async function checkAllRestaurantsStatus() {
  11     // console.log('[Watchdog] Checking all restaurants status...');
  12     try {
→ 13         const restaurants = await prisma_1.default.restaurant.findMany(
Timed out fetching a new connection from the connection pool. More info: http://pris.ly/d/connection-pool (Current connection pool timeout: 10, connection limit: 17)
    at $n.handleRequestError (/Users/jalle/testa/node_modules/.pnpm/@prisma+client@5.22.0_prisma@5.22.0/node_modules/@prisma/client/runtime/library.js:121:7315)
    at $n.handleAndLogRequestError (/Users/jalle/testa/node_modules/.pnpm/@prisma+client@5.22.0_prisma@5.22.0/node_modules/@prisma/client/runtime/library.js:121:6623)
    at $n.request (/Users/jalle/testa/node_modules/.pnpm/@prisma+client@5.22.0_prisma@5.22.0/node_modules/@prisma/client/runtime/library.js:121:6307)
    at async l (/Users/jalle/testa/node_modules/.pnpm/@prisma+client@5.22.0_prisma@5.22.0/node_modules/@prisma/client/runtime/library.js:130:9633)
    at async checkAllRestaurantsStatus (/Users/jalle/testa/packages/api/dist/lib/restaurantStatus.js:13:29) {
  code: 'P2024',
  clientVersion: '5.22.0',
  meta: { modelName: 'Restaurant', connection_limit: 17, timeout: 10 }
}
prisma:error Error in PostgreSQL connection: Error { kind: Closed, cause: None }
[OpeningHours] Slot 11:00-00:00 isWithin: true
[Watchdog] MATGO: shouldBeOpen=true, currentStatus=true
[OpeningHours] Slot 11:00-00:00 isWithin: true
[Watchdog] Palmyra Pizzeria: shouldBeOpen=true, currentStatus=true
prisma:error 
Invalid `prisma_1.default.restaurant.findMany()` invocation in
/Users/jalle/testa/packages/api/dist/lib/restaurantStatus.js:13:63

  10 async function checkAllRestaurantsStatus() {
  11     // console.log('[Watchdog] Checking all restaurants status...');
  12     try {
→ 13         const restaurants = await prisma_1.default.restaurant.findMany(
Timed out fetching a new connection from the connection pool. More info: http://pris.ly/d/connection-pool (Current connection pool timeout: 10, connection limit: 17)
[Watchdog] Error checking restaurant status: PrismaClientKnownRequestError: 
Invalid `prisma_1.default.restaurant.findMany()` invocation in
/Users/jalle/testa/packages/api/dist/lib/restaurantStatus.js:13:63

  10 async function checkAllRestaurantsStatus() {
  11     // console.log('[Watchdog] Checking all restaurants status...');
  12     try {
→ 13         const restaurants = await prisma_1.default.restaurant.findMany(
Timed out fetching a new connection from the connection pool. More info: http://pris.ly/d/connection-pool (Current connection pool timeout: 10, connection limit: 17)
    at $n.handleRequestError (/Users/jalle/testa/node_modules/.pnpm/@prisma+client@5.22.0_prisma@5.22.0/node_modules/@prisma/client/runtime/library.js:121:7315)
    at $n.handleAndLogRequestError (/Users/jalle/testa/node_modules/.pnpm/@prisma+client@5.22.0_prisma@5.22.0/node_modules/@prisma/client/runtime/library.js:121:6623)
    at $n.request (/Users/jalle/testa/node_modules/.pnpm/@prisma+client@5.22.0_prisma@5.22.0/node_modules/@prisma/client/runtime/library.js:121:6307)
    at async l (/Users/jalle/testa/node_modules/.pnpm/@prisma+client@5.22.0_prisma@5.22.0/node_modules/@prisma/client/runtime/library.js:130:9633)
    at async checkAllRestaurantsStatus (/Users/jalle/testa/packages/api/dist/lib/restaurantStatus.js:13:29) {
  code: 'P2024',
  clientVersion: '5.22.0',
  meta: { modelName: 'Restaurant', connection_limit: 17, timeout: 10 }
}
prisma:error Error in PostgreSQL connection: Error { kind: Closed, cause: None }
prisma:error 
Invalid `prisma_1.default.restaurant.findMany()` invocation in
/Users/jalle/testa/packages/api/dist/lib/restaurantStatus.js:13:63

  10 async function checkAllRestaurantsStatus() {
  11     // console.log('[Watchdog] Checking all restaurants status...');
  12     try {
→ 13         const restaurants = await prisma_1.default.restaurant.findMany(
Can't reach database server at `aws-1-eu-central-1.pooler.supabase.com:6543`

Please make sure your database server is running at `aws-1-eu-central-1.pooler.supabase.com:6543`.
[Watchdog] Error checking restaurant status: PrismaClientKnownRequestError: 
Invalid `prisma_1.default.restaurant.findMany()` invocation in
/Users/jalle/testa/packages/api/dist/lib/restaurantStatus.js:13:63

  10 async function checkAllRestaurantsStatus() {
  11     // console.log('[Watchdog] Checking all restaurants status...');
  12     try {
→ 13         const restaurants = await prisma_1.default.restaurant.findMany(
Can't reach database server at `aws-1-eu-central-1.pooler.supabase.com:6543`

Please make sure your database server is running at `aws-1-eu-central-1.pooler.supabase.com:6543`.
    at $n.handleRequestError (/Users/jalle/testa/node_modules/.pnpm/@prisma+client@5.22.0_prisma@5.22.0/node_modules/@prisma/client/runtime/library.js:121:7315)
    at $n.handleAndLogRequestError (/Users/jalle/testa/node_modules/.pnpm/@prisma+client@5.22.0_prisma@5.22.0/node_modules/@prisma/client/runtime/library.js:121:6623)
    at $n.request (/Users/jalle/testa/node_modules/.pnpm/@prisma+client@5.22.0_prisma@5.22.0/node_modules/@prisma/client/runtime/library.js:121:6307)
    at async l (/Users/jalle/testa/node_modules/.pnpm/@prisma+client@5.22.0_prisma@5.22.0/node_modules/@prisma/client/runtime/library.js:130:9633)
    at async checkAllRestaurantsStatus (/Users/jalle/testa/packages/api/dist/lib/restaurantStatus.js:13:29) {
  code: 'P1001',
  clientVersion: '5.22.0',
  meta: {
    modelName: 'Restaurant',
    database_host: 'aws-1-eu-central-1.pooler.supabase.com',
    database_port: 6543
  }
}
[OpeningHours] Slot 11:00-00:00 isWithin: true
[Watchdog] MATGO: shouldBeOpen=true, currentStatus=true
[OpeningHours] Slot 11:00-00:00 isWithin: true
[Watchdog] Palmyra Pizzeria: shouldBeOpen=true, currentStatus=true
[OpeningHours] Slot 11:00-00:00 isWithin: true
[Watchdog] MATGO: shouldBeOpen=true, currentStatus=true
[OpeningHours] Slot 11:00-00:00 isWithin: true
[Watchdog] Palmyra Pizzeria: shouldBeOpen=true, currentStatus=true
[OpeningHours] Slot 11:00-00:00 isWithin: true
[Watchdog] MATGO: shouldBeOpen=true, currentStatus=true
[OpeningHours] Slot 11:00-00:00 isWithin: true
[Watchdog] Palmyra Pizzeria: shouldBeOpen=true, currentStatus=true
[OpeningHours] Slot 11:00-00:00 isWithin: true
[Watchdog] MATGO: shouldBeOpen=true, currentStatus=true
[OpeningHours] Slot 11:00-00:00 isWithin: true
[Watchdog] Palmyra Pizzeria: shouldBeOpen=true, currentStatus=true
[OpeningHours] Slot 11:00-00:00 isWithin: true
[Watchdog] MATGO: shouldBeOpen=true, currentStatus=true
[OpeningHours] Slot 11:00-00:00 isWithin: true
[Watchdog] Palmyra Pizzeria: shouldBeOpen=true, currentStatus=true
[OpeningHours] Slot 11:00-00:00 isWithin: true
[Watchdog] MATGO: shouldBeOpen=true, currentStatus=true
[OpeningHours] Slot 11:00-00:00 isWithin: true
[Watchdog] Palmyra Pizzeria: shouldBeOpen=true, currentStatus=true
[OpeningHours] Slot 11:00-00:00 isWithin: true
[Watchdog] MATGO: shouldBeOpen=true, currentStatus=true
[OpeningHours] Slot 11:00-00:00 isWithin: true
[Watchdog] Palmyra Pizzeria: shouldBeOpen=true, currentStatus=true
[OpeningHours] Slot 11:00-00:00 isWithin: true
[Watchdog] MATGO: shouldBeOpen=true, currentStatus=true
[OpeningHours] Slot 11:00-00:00 isWithin: true
[Watchdog] Palmyra Pizzeria: shouldBeOpen=true, currentStatus=true
[OpeningHours] Slot 11:00-00:00 isWithin: true
[Watchdog] MATGO: shouldBeOpen=true, currentStatus=true
[OpeningHours] Slot 11:00-00:00 isWithin: true
[Watchdog] Palmyra Pizzeria: shouldBeOpen=true, currentStatus=true
[OpeningHours] Slot 11:00-00:00 isWithin: true
[Watchdog] MATGO: shouldBeOpen=true, currentStatus=true
[OpeningHours] Slot 11:00-00:00 isWithin: true
[Watchdog] Palmyra Pizzeria: shouldBeOpen=true, currentStatus=true
[OpeningHours] Slot 11:00-00:00 isWithin: true
[Watchdog] MATGO: shouldBeOpen=true, currentStatus=true
[OpeningHours] Slot 11:00-00:00 isWithin: true
[Watchdog] Palmyra Pizzeria: shouldBeOpen=true, currentStatus=true
[OpeningHours] Slot 11:00-00:00 isWithin: true
[Watchdog] MATGO: shouldBeOpen=true, currentStatus=true
[OpeningHours] Slot 11:00-00:00 isWithin: true
[Watchdog] Palmyra Pizzeria: shouldBeOpen=true, currentStatus=true
[OpeningHours] Slot 11:00-00:00 isWithin: true
[Watchdog] MATGO: shouldBeOpen=true, currentStatus=true
[OpeningHours] Slot 11:00-00:00 isWithin: true
[Watchdog] Palmyra Pizzeria: shouldBeOpen=true, currentStatus=true
[OpeningHours] Slot 11:00-00:00 isWithin: true
[Watchdog] MATGO: shouldBeOpen=true, currentStatus=true
[OpeningHours] Slot 11:00-00:00 isWithin: true
[Watchdog] Palmyra Pizzeria: shouldBeOpen=true, currentStatus=true
[OpeningHours] Slot 11:00-00:00 isWithin: true
[Watchdog] MATGO: shouldBeOpen=true, currentStatus=true
[OpeningHours] Slot 11:00-00:00 isWithin: true
[Watchdog] Palmyra Pizzeria: shouldBeOpen=true, currentStatus=true
[OpeningHours] Slot 11:00-00:00 isWithin: true
[Watchdog] MATGO: shouldBeOpen=true, currentStatus=true
[OpeningHours] Slot 11:00-00:00 isWithin: true
[Watchdog] Palmyra Pizzeria: shouldBeOpen=true, currentStatus=true
[OpeningHours] Slot 11:00-00:00 isWithin: true
[Watchdog] MATGO: shouldBeOpen=true, currentStatus=true
[OpeningHours] Slot 11:00-00:00 isWithin: true
[Watchdog] Palmyra Pizzeria: shouldBeOpen=true, currentStatus=true
[OpeningHours] Slot 11:00-00:00 isWithin: true
[Watchdog] MATGO: shouldBeOpen=true, currentStatus=true
[OpeningHours] Slot 11:00-00:00 isWithin: true
[Watchdog] Palmyra Pizzeria: shouldBeOpen=true, currentStatus=true
[OpeningHours] Slot 11:00-00:00 isWithin: true
[Watchdog] MATGO: shouldBeOpen=true, currentStatus=true
[OpeningHours] Slot 11:00-00:00 isWithin: true
[Watchdog] Palmyra Pizzeria: shouldBeOpen=true, currentStatus=true
[OpeningHours] Slot 11:00-00:00 isWithin: true
[Watchdog] MATGO: shouldBeOpen=true, currentStatus=true
[OpeningHours] Slot 11:00-00:00 isWithin: true
[Watchdog] Palmyra Pizzeria: shouldBeOpen=true, currentStatus=true
[OpeningHours] Slot 11:00-00:00 isWithin: true
[Watchdog] MATGO: shouldBeOpen=true, currentStatus=true
[OpeningHours] Slot 11:00-00:00 isWithin: true
[Watchdog] Palmyra Pizzeria: shouldBeOpen=true, currentStatus=true
[OpeningHours] Slot 11:00-00:00 isWithin: true
[Watchdog] MATGO: shouldBeOpen=true, currentStatus=true
[OpeningHours] Slot 11:00-00:00 isWithin: true
[Watchdog] Palmyra Pizzeria: shouldBeOpen=true, currentStatus=true
[OpeningHours] Slot 11:00-00:00 isWithin: true
[Watchdog] MATGO: shouldBeOpen=true, currentStatus=true
[OpeningHours] Slot 11:00-00:00 isWithin: true
[Watchdog] Palmyra Pizzeria: shouldBeOpen=true, currentStatus=true
[OpeningHours] Slot 11:00-00:00 isWithin: true
[Watchdog] MATGO: shouldBeOpen=true, currentStatus=true
[OpeningHours] Slot 11:00-00:00 isWithin: true
[Watchdog] Palmyra Pizzeria: shouldBeOpen=true, currentStatus=true
[OpeningHours] Slot 11:00-00:00 isWithin: true
[Watchdog] MATGO: shouldBeOpen=true, currentStatus=true
[OpeningHours] Slot 11:00-00:00 isWithin: true
[Watchdog] Palmyra Pizzeria: shouldBeOpen=true, currentStatus=true
[OpeningHours] Slot 11:00-00:00 isWithin: true
[Watchdog] MATGO: shouldBeOpen=true, currentStatus=true
[OpeningHours] Slot 11:00-00:00 isWithin: true
[Watchdog] Palmyra Pizzeria: shouldBeOpen=true, currentStatus=true
[OpeningHours] Slot 11:00-00:00 isWithin: true
[Watchdog] MATGO: shouldBeOpen=true, currentStatus=true
[OpeningHours] Slot 11:00-00:00 isWithin: true
[Watchdog] Palmyra Pizzeria: shouldBeOpen=true, currentStatus=true
[OpeningHours] Slot 11:00-00:00 isWithin: true
[Watchdog] MATGO: shouldBeOpen=true, currentStatus=true
[OpeningHours] Slot 11:00-00:00 isWithin: true
[Watchdog] Palmyra Pizzeria: shouldBeOpen=true, currentStatus=true
[OpeningHours] Slot 11:00-00:00 isWithin: true
[Watchdog] MATGO: shouldBeOpen=true, currentStatus=true
[OpeningHours] Slot 11:00-00:00 isWithin: true
[Watchdog] Palmyra Pizzeria: shouldBeOpen=true, currentStatus=true
[OpeningHours] Slot 11:00-00:00 isWithin: true
[Watchdog] MATGO: shouldBeOpen=true, currentStatus=true
[OpeningHours] Slot 11:00-00:00 isWithin: true
[Watchdog] Palmyra Pizzeria: shouldBeOpen=true, currentStatus=true
[OpeningHours] Slot 11:00-00:00 isWithin: true
[Watchdog] MATGO: shouldBeOpen=true, currentStatus=true
[OpeningHours] Slot 11:00-00:00 isWithin: true
[Watchdog] Palmyra Pizzeria: shouldBeOpen=true, currentStatus=true
[OpeningHours] Slot 11:00-00:00 isWithin: true
[Watchdog] MATGO: shouldBeOpen=true, currentStatus=true
[OpeningHours] Slot 11:00-00:00 isWithin: true
[Watchdog] Palmyra Pizzeria: shouldBeOpen=true, currentStatus=true
[OpeningHours] Slot 11:00-00:00 isWithin: true
[Watchdog] MATGO: shouldBeOpen=true, currentStatus=true
[OpeningHours] Slot 11:00-00:00 isWithin: true
[Watchdog] Palmyra Pizzeria: shouldBeOpen=true, currentStatus=true
[OpeningHours] Slot 11:00-00:00 isWithin: true
[Watchdog] MATGO: shouldBeOpen=true, currentStatus=true
[OpeningHours] Slot 11:00-00:00 isWithin: true
[Watchdog] Palmyra Pizzeria: shouldBeOpen=true, currentStatus=true
[OpeningHours] Slot 11:00-00:00 isWithin: true
[Watchdog] MATGO: shouldBeOpen=true, currentStatus=true
[OpeningHours] Slot 11:00-00:00 isWithin: true
[Watchdog] Palmyra Pizzeria: shouldBeOpen=true, currentStatus=true
[OpeningHours] Slot 11:00-00:00 isWithin: true
[Watchdog] MATGO: shouldBeOpen=true, currentStatus=true
[OpeningHours] Slot 11:00-00:00 isWithin: true
[Watchdog] Palmyra Pizzeria: shouldBeOpen=true, currentStatus=true
[OpeningHours] Slot 11:00-00:00 isWithin: true
[Watchdog] MATGO: shouldBeOpen=true, currentStatus=true
[OpeningHours] Slot 11:00-00:00 isWithin: true
[Watchdog] Palmyra Pizzeria: shouldBeOpen=true, currentStatus=true
[OpeningHours] Slot 11:00-00:00 isWithin: true
[Watchdog] MATGO: shouldBeOpen=true, currentStatus=true
[OpeningHours] Slot 11:00-00:00 isWithin: true
[Watchdog] Palmyra Pizzeria: shouldBeOpen=true, currentStatus=true
[OpeningHours] Slot 11:00-00:00 isWithin: true
[Watchdog] MATGO: shouldBeOpen=true, currentStatus=true
[OpeningHours] Slot 11:00-00:00 isWithin: true
[Watchdog] Palmyra Pizzeria: shouldBeOpen=true, currentStatus=true
[OpeningHours] Slot 11:00-00:00 isWithin: true
[Watchdog] MATGO: shouldBeOpen=true, currentStatus=true
[OpeningHours] Slot 11:00-00:00 isWithin: true
[Watchdog] Palmyra Pizzeria: shouldBeOpen=true, currentStatus=true
[OpeningHours] Slot 11:00-00:00 isWithin: true
[Watchdog] MATGO: shouldBeOpen=true, currentStatus=true
[OpeningHours] Slot 11:00-00:00 isWithin: true
[Watchdog] Palmyra Pizzeria: shouldBeOpen=true, currentStatus=true
[OpeningHours] Slot 11:00-00:00 isWithin: true
[Watchdog] MATGO: shouldBeOpen=true, currentStatus=true
[OpeningHours] Slot 11:00-00:00 isWithin: true
[Watchdog] Palmyra Pizzeria: shouldBeOpen=true, currentStatus=true
[OpeningHours] Slot 11:00-00:00 isWithin: true
[Watchdog] MATGO: shouldBeOpen=true, currentStatus=true
[OpeningHours] Slot 11:00-00:00 isWithin: true
[Watchdog] Palmyra Pizzeria: shouldBeOpen=true, currentStatus=true
[OpeningHours] Slot 11:00-00:00 isWithin: true
[Watchdog] MATGO: shouldBeOpen=true, currentStatus=true
[OpeningHours] Slot 11:00-00:00 isWithin: true
[Watchdog] Palmyra Pizzeria: shouldBeOpen=true, currentStatus=true
[OpeningHours] Slot 11:00-00:00 isWithin: true
[Watchdog] MATGO: shouldBeOpen=true, currentStatus=true
[OpeningHours] Slot 11:00-00:00 isWithin: true
[Watchdog] Palmyra Pizzeria: shouldBeOpen=true, currentStatus=true
[OpeningHours] Slot 11:00-00:00 isWithin: true
[Watchdog] MATGO: shouldBeOpen=true, currentStatus=true
[OpeningHours] Slot 11:00-00:00 isWithin: true
[Watchdog] Palmyra Pizzeria: shouldBeOpen=true, currentStatus=true
[OpeningHours] Slot 11:00-00:00 isWithin: true
[Watchdog] MATGO: shouldBeOpen=true, currentStatus=true
[OpeningHours] Slot 11:00-00:00 isWithin: true
[Watchdog] Palmyra Pizzeria: shouldBeOpen=true, currentStatus=true
[OpeningHours] Slot 11:00-00:00 isWithin: true
[Watchdog] MATGO: shouldBeOpen=true, currentStatus=true
[OpeningHours] Slot 11:00-00:00 isWithin: true
[Watchdog] Palmyra Pizzeria: shouldBeOpen=true, currentStatus=true
[OpeningHours] Slot 11:00-00:00 isWithin: true
[Watchdog] MATGO: shouldBeOpen=true, currentStatus=true
[OpeningHours] Slot 11:00-00:00 isWithin: true
[Watchdog] Palmyra Pizzeria: shouldBeOpen=true, currentStatus=true
[OpeningHours] Slot 11:00-00:00 isWithin: true
[Watchdog] MATGO: shouldBeOpen=true, currentStatus=true
[OpeningHours] Slot 11:00-00:00 isWithin: true
[Watchdog] Palmyra Pizzeria: shouldBeOpen=true, currentStatus=true
[OpeningHours] Slot 11:00-00:00 isWithin: true
[Watchdog] MATGO: shouldBeOpen=true, currentStatus=true
[OpeningHours] Slot 11:00-00:00 isWithin: true
[Watchdog] Palmyra Pizzeria: shouldBeOpen=true, currentStatus=true
[OpeningHours] Slot 11:00-00:00 isWithin: true
[Watchdog] MATGO: shouldBeOpen=true, currentStatus=true
[OpeningHours] Slot 11:00-00:00 isWithin: true
[Watchdog] Palmyra Pizzeria: shouldBeOpen=true, currentStatus=true
[OpeningHours] Slot 11:00-00:00 isWithin: true
[Watchdog] MATGO: shouldBeOpen=true, currentStatus=true
[OpeningHours] Slot 11:00-00:00 isWithin: true
[Watchdog] Palmyra Pizzeria: shouldBeOpen=true, currentStatus=true
[OpeningHours] Slot 11:00-00:00 isWithin: true
[Watchdog] MATGO: shouldBeOpen=true, currentStatus=true
[OpeningHours] Slot 11:00-00:00 isWithin: true
[Watchdog] Palmyra Pizzeria: shouldBeOpen=true, currentStatus=true
[OpeningHours] Slot 11:00-00:00 isWithin: true
[Watchdog] MATGO: shouldBeOpen=true, currentStatus=true
[OpeningHours] Slot 11:00-00:00 isWithin: true
[Watchdog] Palmyra Pizzeria: shouldBeOpen=true, currentStatus=true
[OpeningHours] Slot 11:00-00:00 isWithin: true
[Watchdog] MATGO: shouldBeOpen=true, currentStatus=true
[OpeningHours] Slot 11:00-00:00 isWithin: true
[Watchdog] Palmyra Pizzeria: shouldBeOpen=true, currentStatus=true
[OpeningHours] Slot 11:00-00:00 isWithin: true
[Watchdog] MATGO: shouldBeOpen=true, currentStatus=true
[OpeningHours] Slot 11:00-00:00 isWithin: true
[Watchdog] Palmyra Pizzeria: shouldBeOpen=true, currentStatus=true
[OpeningHours] Slot 11:00-00:00 isWithin: true
[Watchdog] MATGO: shouldBeOpen=true, currentStatus=true
[OpeningHours] Slot 11:00-00:00 isWithin: true
[Watchdog] Palmyra Pizzeria: shouldBeOpen=true, currentStatus=true
[OpeningHours] Slot 11:00-00:00 isWithin: true
[Watchdog] MATGO: shouldBeOpen=true, currentStatus=true
[OpeningHours] Slot 11:00-00:00 isWithin: true
[Watchdog] Palmyra Pizzeria: shouldBeOpen=true, currentStatus=true
[OpeningHours] Slot 11:00-00:00 isWithin: true
[Watchdog] MATGO: shouldBeOpen=true, currentStatus=true
[OpeningHours] Slot 11:00-00:00 isWithin: true
[Watchdog] Palmyra Pizzeria: shouldBeOpen=true, currentStatus=true
[OpeningHours] Slot 11:00-00:00 isWithin: true
[Watchdog] MATGO: shouldBeOpen=true, currentStatus=true
[OpeningHours] Slot 11:00-00:00 isWithin: true
[Watchdog] Palmyra Pizzeria: shouldBeOpen=true, currentStatus=true
[OpeningHours] Slot 11:00-00:00 isWithin: true
[Watchdog] MATGO: shouldBeOpen=true, currentStatus=true
[OpeningHours] Slot 11:00-00:00 isWithin: true
[Watchdog] Palmyra Pizzeria: shouldBeOpen=true, currentStatus=true
[OpeningHours] Slot 11:00-00:00 isWithin: true
[Watchdog] MATGO: shouldBeOpen=true, currentStatus=true
[OpeningHours] Slot 11:00-00:00 isWithin: true
[Watchdog] Palmyra Pizzeria: shouldBeOpen=true, currentStatus=true
[OpeningHours] Slot 11:00-00:00 isWithin: true
[Watchdog] MATGO: shouldBeOpen=true, currentStatus=true
[OpeningHours] Slot 11:00-00:00 isWithin: true
[Watchdog] Palmyra Pizzeria: shouldBeOpen=true, currentStatus=true
[OpeningHours] Slot 11:00-00:00 isWithin: true
[Watchdog] MATGO: shouldBeOpen=true, currentStatus=true
[OpeningHours] Slot 11:00-00:00 isWithin: true
[Watchdog] Palmyra Pizzeria: shouldBeOpen=true, currentStatus=true
[OpeningHours] Slot 11:00-00:00 isWithin: true
[Watchdog] MATGO: shouldBeOpen=true, currentStatus=true
[OpeningHours] Slot 11:00-00:00 isWithin: true
[Watchdog] Palmyra Pizzeria: shouldBeOpen=true, currentStatus=true
[OpeningHours] Slot 11:00-00:00 isWithin: true
[Watchdog] MATGO: shouldBeOpen=true, currentStatus=true
[OpeningHours] Slot 11:00-00:00 isWithin: true
[Watchdog] Palmyra Pizzeria: shouldBeOpen=true, currentStatus=true
❌ Client disconnected: AtdPtJVkmmtLxbh8AAAR
🧹 Starting daily database cleanup...
prisma:error 
Invalid `prisma_1.default.order.findMany()` invocation in
/Users/jalle/testa/packages/api/dist/lib/loyalty.js:99:61

  96 const thirtyDaysAgo = new Date();
  97 thirtyDaysAgo.setDate(thirtyDaysAgo.getDate() - 30);
  98 // Get all users/phones that haven't ordered for 30+ days but HAVE ordered before
→ 99 const inactivePhones = await prisma_1.default.order.findMany(
Can't reach database server at `aws-1-eu-central-1.pooler.supabase.com:6543`

Please make sure your database server is running at `aws-1-eu-central-1.pooler.supabase.com:6543`.
[Loyalty] Daily check error: PrismaClientKnownRequestError: 
Invalid `prisma_1.default.order.findMany()` invocation in
/Users/jalle/testa/packages/api/dist/lib/loyalty.js:99:61

  96 const thirtyDaysAgo = new Date();
  97 thirtyDaysAgo.setDate(thirtyDaysAgo.getDate() - 30);
  98 // Get all users/phones that haven't ordered for 30+ days but HAVE ordered before
→ 99 const inactivePhones = await prisma_1.default.order.findMany(
Can't reach database server at `aws-1-eu-central-1.pooler.supabase.com:6543`

Please make sure your database server is running at `aws-1-eu-central-1.pooler.supabase.com:6543`.
    at $n.handleRequestError (/Users/jalle/testa/node_modules/.pnpm/@prisma+client@5.22.0_prisma@5.22.0/node_modules/@prisma/client/runtime/library.js:121:7315)
    at $n.handleAndLogRequestError (/Users/jalle/testa/node_modules/.pnpm/@prisma+client@5.22.0_prisma@5.22.0/node_modules/@prisma/client/runtime/library.js:121:6623)
    at $n.request (/Users/jalle/testa/node_modules/.pnpm/@prisma+client@5.22.0_prisma@5.22.0/node_modules/@prisma/client/runtime/library.js:121:6307)
    at async l (/Users/jalle/testa/node_modules/.pnpm/@prisma+client@5.22.0_prisma@5.22.0/node_modules/@prisma/client/runtime/library.js:130:9633)
    at async runDailyLoyaltyChecks (/Users/jalle/testa/packages/api/dist/lib/loyalty.js:99:32) {
  code: 'P1001',
  clientVersion: '5.22.0',
  meta: {
    modelName: 'Order',
    database_host: 'aws-1-eu-central-1.pooler.supabase.com',
    database_port: 6543
  }
}
prisma:error 
Invalid `prisma_1.default.verificationCode.deleteMany()` invocation in
/Users/jalle/testa/packages/api/dist/lib/cleanup.js:17:70

  14 const now = new Date();
  15 try {
  16     // 1. Cleanup expired verification codes
→ 17     const deletedCodes = await prisma_1.default.verificationCode.deleteMany(
Can't reach database server at `aws-1-eu-central-1.pooler.supabase.com:6543`

Please make sure your database server is running at `aws-1-eu-central-1.pooler.supabase.com:6543`.
❌ Cleanup job failed: PrismaClientKnownRequestError: 
Invalid `prisma_1.default.verificationCode.deleteMany()` invocation in
/Users/jalle/testa/packages/api/dist/lib/cleanup.js:17:70

  14 const now = new Date();
  15 try {
  16     // 1. Cleanup expired verification codes
→ 17     const deletedCodes = await prisma_1.default.verificationCode.deleteMany(
Can't reach database server at `aws-1-eu-central-1.pooler.supabase.com:6543`

Please make sure your database server is running at `aws-1-eu-central-1.pooler.supabase.com:6543`.
    at $n.handleRequestError (/Users/jalle/testa/node_modules/.pnpm/@prisma+client@5.22.0_prisma@5.22.0/node_modules/@prisma/client/runtime/library.js:121:7315)
    at $n.handleAndLogRequestError (/Users/jalle/testa/node_modules/.pnpm/@prisma+client@5.22.0_prisma@5.22.0/node_modules/@prisma/client/runtime/library.js:121:6623)
    at $n.request (/Users/jalle/testa/node_modules/.pnpm/@prisma+client@5.22.0_prisma@5.22.0/node_modules/@prisma/client/runtime/library.js:121:6307)
    at async l (/Users/jalle/testa/node_modules/.pnpm/@prisma+client@5.22.0_prisma@5.22.0/node_modules/@prisma/client/runtime/library.js:130:9633)
    at async runDailyCleanup (/Users/jalle/testa/packages/api/dist/lib/cleanup.js:17:30) {
  code: 'P1001',
  clientVersion: '5.22.0',
  meta: {
    modelName: 'VerificationCode',
    database_host: 'aws-1-eu-central-1.pooler.supabase.com',
    database_port: 6543
  }
}
🔌 Client connected: NWrRqa7NlHVCK_wRAAAT
prisma:error 
Invalid `prisma_1.default.adminUser.findFirst()` invocation in
/Users/jalle/testa/packages/api/dist/middleware/auth.js:46:52

  43 };
  44 const resolveAdminSessionFromToken = async (token) => {
  45     const payload = jsonwebtoken_1.default.verify(token, config_1.JWT_SECRET);
→ 46     const admin = await prisma_1.default.adminUser.findFirst(
Can't reach database server at `aws-1-eu-central-1.pooler.supabase.com:6543`

Please make sure your database server is running at `aws-1-eu-central-1.pooler.supabase.com:6543`.
prisma:error 
Invalid `prisma_1.default.adminUser.findFirst()` invocation in
/Users/jalle/testa/packages/api/dist/middleware/auth.js:46:52

  43 };
  44 const resolveAdminSessionFromToken = async (token) => {
  45     const payload = jsonwebtoken_1.default.verify(token, config_1.JWT_SECRET);
→ 46     const admin = await prisma_1.default.adminUser.findFirst(
Can't reach database server at `aws-1-eu-central-1.pooler.supabase.com:6543`

Please make sure your database server is running at `aws-1-eu-central-1.pooler.supabase.com:6543`.
prisma:error Error in PostgreSQL connection: Error { kind: Closed, cause: None }
❌ Client disconnected: NWrRqa7NlHVCK_wRAAAT
[OpeningHours] Slot 11:00-22:00 isWithin: true
[Watchdog] MATGO: shouldBeOpen=true, currentStatus=true
[OpeningHours] Slot 10:00-22:00 isWithin: true
[Watchdog] Palmyra Pizzeria: shouldBeOpen=true, currentStatus=true
🔌 Client connected: iNjww8ByAGz2beIkAAAV
👮 Restaurant admin joined room cmnxhfd1z000110wjrhizs4nh: iNjww8ByAGz2beIkAAAV
👮 Restaurant admin joined room cmnxhfd1z000110wjrhizs4nh: iNjww8ByAGz2beIkAAAV
❌ Client disconnected: iNjww8ByAGz2beIkAAAV
🔌 Client connected: MaEw-LhDDGSMIku9AAAX
👮 Restaurant admin joined room cmnxhfd1z000110wjrhizs4nh: MaEw-LhDDGSMIku9AAAX
👮 Restaurant admin joined room cmnxhfd1z000110wjrhizs4nh: MaEw-LhDDGSMIku9AAAX
❌ Client disconnected: MaEw-LhDDGSMIku9AAAX
🔌 Client connected: pVtTyYpcnqdnGRrjAAAZ
👮 Restaurant admin joined room cmnxhfd1z000110wjrhizs4nh: pVtTyYpcnqdnGRrjAAAZ
👮 Restaurant admin joined room cmnxhfd1z000110wjrhizs4nh: pVtTyYpcnqdnGRrjAAAZ
❌ Client disconnected: pVtTyYpcnqdnGRrjAAAZ
🔌 Client connected: DRCEP8iWw0ZbwcDLAAAb
👮 Restaurant admin joined room cmnxhfd1z000110wjrhizs4nh: DRCEP8iWw0ZbwcDLAAAb
👮 Restaurant admin joined room cmnxhfd1z000110wjrhizs4nh: DRCEP8iWw0ZbwcDLAAAb
[OpeningHours] Slot 11:00-22:00 isWithin: true
[Watchdog] MATGO: shouldBeOpen=true, currentStatus=true
[OpeningHours] Slot 10:00-22:00 isWithin: true
[Watchdog] Palmyra Pizzeria: shouldBeOpen=true, currentStatus=true
❌ Client disconnected: DRCEP8iWw0ZbwcDLAAAb
🔌 Client connected: DHywzfZzXSsW1RsuAAAd
👮 Restaurant admin joined room cmnxhfd1z000110wjrhizs4nh: DHywzfZzXSsW1RsuAAAd
👮 Restaurant admin joined room cmnxhfd1z000110wjrhizs4nh: DHywzfZzXSsW1RsuAAAd
❌ Client disconnected: DHywzfZzXSsW1RsuAAAd
🔌 Client connected: vEXwWtgN-6EX19bPAAAf
👮 Restaurant admin joined room cmnxhfd1z000110wjrhizs4nh: vEXwWtgN-6EX19bPAAAf
👮 Restaurant admin joined room cmnxhfd1z000110wjrhizs4nh: vEXwWtgN-6EX19bPAAAf
[OpeningHours] Slot 11:00-22:00 isWithin: true
[Watchdog] MATGO: shouldBeOpen=true, currentStatus=true
[OpeningHours] Slot 10:00-22:00 isWithin: true
[Watchdog] Palmyra Pizzeria: shouldBeOpen=true, currentStatus=true
[OpeningHours] Slot 11:00-22:00 isWithin: true
[Watchdog] MATGO: shouldBeOpen=true, currentStatus=true
[OpeningHours] Slot 10:00-22:00 isWithin: true
[Watchdog] Palmyra Pizzeria: shouldBeOpen=true, currentStatus=true
[OpeningHours] Slot 11:00-22:00 isWithin: true
[Watchdog] MATGO: shouldBeOpen=true, currentStatus=true
[OpeningHours] Slot 10:00-22:00 isWithin: true
[Watchdog] Palmyra Pizzeria: shouldBeOpen=true, currentStatus=true
[OpeningHours] Slot 11:00-22:00 isWithin: true
[Watchdog] MATGO: shouldBeOpen=true, currentStatus=true
[OpeningHours] Slot 10:00-22:00 isWithin: true
[Watchdog] Palmyra Pizzeria: shouldBeOpen=true, currentStatus=true
[OpeningHours] Slot 11:00-22:00 isWithin: true
[Watchdog] MATGO: shouldBeOpen=true, currentStatus=true
[OpeningHours] Slot 10:00-22:00 isWithin: true
[Watchdog] Palmyra Pizzeria: shouldBeOpen=true, currentStatus=true
[OpeningHours] Slot 11:00-22:00 isWithin: true
[Watchdog] MATGO: shouldBeOpen=true, currentStatus=true
[OpeningHours] Slot 10:00-22:00 isWithin: true
[Watchdog] Palmyra Pizzeria: shouldBeOpen=true, currentStatus=true
[OpeningHours] Slot 11:00-22:00 isWithin: true
[Watchdog] MATGO: shouldBeOpen=true, currentStatus=true
[OpeningHours] Slot 10:00-22:00 isWithin: true
[Watchdog] Palmyra Pizzeria: shouldBeOpen=true, currentStatus=true
[OpeningHours] Slot 11:00-22:00 isWithin: true
[Watchdog] MATGO: shouldBeOpen=true, currentStatus=true
[OpeningHours] Slot 10:00-22:00 isWithin: true
[Watchdog] Palmyra Pizzeria: shouldBeOpen=true, currentStatus=true
[OpeningHours] Slot 11:00-22:00 isWithin: true
[Watchdog] MATGO: shouldBeOpen=true, currentStatus=true
[OpeningHours] Slot 10:00-22:00 isWithin: true
[Watchdog] Palmyra Pizzeria: shouldBeOpen=true, currentStatus=true
[OpeningHours] Slot 11:00-22:00 isWithin: true
[Watchdog] MATGO: shouldBeOpen=true, currentStatus=true
[OpeningHours] Slot 10:00-22:00 isWithin: true
[Watchdog] Palmyra Pizzeria: shouldBeOpen=true, currentStatus=true
[OpeningHours] Slot 11:00-22:00 isWithin: true
[Watchdog] MATGO: shouldBeOpen=true, currentStatus=true
[OpeningHours] Slot 10:00-22:00 isWithin: true
[Watchdog] Palmyra Pizzeria: shouldBeOpen=true, currentStatus=true
[OpeningHours] Slot 11:00-22:00 isWithin: true
[Watchdog] MATGO: shouldBeOpen=true, currentStatus=true
[OpeningHours] Slot 10:00-22:00 isWithin: true
[Watchdog] Palmyra Pizzeria: shouldBeOpen=true, currentStatus=true
[OpeningHours] Slot 11:00-22:00 isWithin: true
[Watchdog] MATGO: shouldBeOpen=true, currentStatus=true
[OpeningHours] Slot 10:00-22:00 isWithin: true
[Watchdog] Palmyra Pizzeria: shouldBeOpen=true, currentStatus=true
[OpeningHours] Slot 11:00-22:00 isWithin: true
[Watchdog] MATGO: shouldBeOpen=true, currentStatus=true
[OpeningHours] Slot 10:00-22:00 isWithin: true
[Watchdog] Palmyra Pizzeria: shouldBeOpen=true, currentStatus=true
[OpeningHours] Slot 11:00-22:00 isWithin: true
[Watchdog] MATGO: shouldBeOpen=true, currentStatus=true
[OpeningHours] Slot 10:00-22:00 isWithin: true
[Watchdog] Palmyra Pizzeria: shouldBeOpen=true, currentStatus=true
[OpeningHours] Slot 11:00-22:00 isWithin: true
[Watchdog] MATGO: shouldBeOpen=true, currentStatus=true
[OpeningHours] Slot 10:00-22:00 isWithin: true
[Watchdog] Palmyra Pizzeria: shouldBeOpen=true, currentStatus=true
[OpeningHours] Slot 11:00-22:00 isWithin: true
[Watchdog] MATGO: shouldBeOpen=true, currentStatus=true
[OpeningHours] Slot 10:00-22:00 isWithin: true
[Watchdog] Palmyra Pizzeria: shouldBeOpen=true, currentStatus=true
[OpeningHours] Slot 11:00-22:00 isWithin: true
[Watchdog] MATGO: shouldBeOpen=true, currentStatus=true
[OpeningHours] Slot 10:00-22:00 isWithin: true
[Watchdog] Palmyra Pizzeria: shouldBeOpen=true, currentStatus=true
[OpeningHours] Slot 11:00-22:00 isWithin: true
[Watchdog] MATGO: shouldBeOpen=true, currentStatus=true
[OpeningHours] Slot 10:00-22:00 isWithin: true
[Watchdog] Palmyra Pizzeria: shouldBeOpen=true, currentStatus=true
[OpeningHours] Slot 11:00-22:00 isWithin: true
[Watchdog] MATGO: shouldBeOpen=true, currentStatus=true
[OpeningHours] Slot 10:00-22:00 isWithin: true
[Watchdog] Palmyra Pizzeria: shouldBeOpen=true, currentStatus=true
[OpeningHours] Slot 11:00-22:00 isWithin: true
[Watchdog] MATGO: shouldBeOpen=true, currentStatus=true
[OpeningHours] Slot 10:00-22:00 isWithin: true
[Watchdog] Palmyra Pizzeria: shouldBeOpen=true, currentStatus=true
[OpeningHours] Slot 11:00-22:00 isWithin: true
[Watchdog] MATGO: shouldBeOpen=true, currentStatus=true
[OpeningHours] Slot 10:00-22:00 isWithin: true
[Watchdog] Palmyra Pizzeria: shouldBeOpen=true, currentStatus=true
[OpeningHours] Slot 11:00-22:00 isWithin: true
[Watchdog] MATGO: shouldBeOpen=true, currentStatus=true
[OpeningHours] Slot 10:00-22:00 isWithin: true
[Watchdog] Palmyra Pizzeria: shouldBeOpen=true, currentStatus=true
[OpeningHours] Slot 11:00-22:00 isWithin: true
[Watchdog] MATGO: shouldBeOpen=true, currentStatus=true
[OpeningHours] Slot 10:00-22:00 isWithin: true
[Watchdog] Palmyra Pizzeria: shouldBeOpen=true, currentStatus=true
[OpeningHours] Slot 11:00-22:00 isWithin: true
[Watchdog] MATGO: shouldBeOpen=true, currentStatus=true
[OpeningHours] Slot 10:00-22:00 isWithin: true
[Watchdog] Palmyra Pizzeria: shouldBeOpen=true, currentStatus=true
[OpeningHours] Slot 11:00-22:00 isWithin: true
[Watchdog] MATGO: shouldBeOpen=true, currentStatus=true
[OpeningHours] Slot 10:00-22:00 isWithin: true
[Watchdog] Palmyra Pizzeria: shouldBeOpen=true, currentStatus=true
[OpeningHours] Slot 11:00-22:00 isWithin: true
[Watchdog] MATGO: shouldBeOpen=true, currentStatus=true
[OpeningHours] Slot 10:00-22:00 isWithin: true
[Watchdog] Palmyra Pizzeria: shouldBeOpen=true, currentStatus=true
[OpeningHours] Slot 11:00-22:00 isWithin: true
[Watchdog] MATGO: shouldBeOpen=true, currentStatus=true
[OpeningHours] Slot 10:00-22:00 isWithin: true
[Watchdog] Palmyra Pizzeria: shouldBeOpen=true, currentStatus=true
[OpeningHours] Slot 11:00-22:00 isWithin: true
[Watchdog] MATGO: shouldBeOpen=true, currentStatus=true
[OpeningHours] Slot 10:00-22:00 isWithin: true
[Watchdog] Palmyra Pizzeria: shouldBeOpen=true, currentStatus=true
❌ Client disconnected: vEXwWtgN-6EX19bPAAAf
🔌 Client connected: 1xxNqT33ll5ORhP1AAAh
👮 Restaurant admin joined room cmnxhfd1z000110wjrhizs4nh: 1xxNqT33ll5ORhP1AAAh
👮 Restaurant admin joined room cmnxhfd1z000110wjrhizs4nh: 1xxNqT33ll5ORhP1AAAh
[OpeningHours] Slot 11:00-22:00 isWithin: true
[Watchdog] MATGO: shouldBeOpen=true, currentStatus=true
[OpeningHours] Slot 10:00-22:00 isWithin: true
[Watchdog] Palmyra Pizzeria: shouldBeOpen=true, currentStatus=true
prisma:error Error in PostgreSQL connection: Error { kind: Closed, cause: None }
prisma:error Error in PostgreSQL connection: Error { kind: Closed, cause: None }
[OpeningHours] Slot 11:00-22:00 isWithin: true
[Watchdog] MATGO: shouldBeOpen=true, currentStatus=true
[OpeningHours] Slot 10:00-22:00 isWithin: true
[Watchdog] Palmyra Pizzeria: shouldBeOpen=true, currentStatus=true
[OpeningHours] Slot 11:00-22:00 isWithin: true
[Watchdog] MATGO: shouldBeOpen=true, currentStatus=true
[OpeningHours] Slot 10:00-22:00 isWithin: true
[Watchdog] Palmyra Pizzeria: shouldBeOpen=true, currentStatus=true
[OpeningHours] Slot 11:00-22:00 isWithin: true
[Watchdog] MATGO: shouldBeOpen=true, currentStatus=true
[OpeningHours] Slot 10:00-22:00 isWithin: true
[Watchdog] Palmyra Pizzeria: shouldBeOpen=true, currentStatus=true
[OpeningHours] Slot 11:00-22:00 isWithin: true
[Watchdog] MATGO: shouldBeOpen=true, currentStatus=true
[OpeningHours] Slot 10:00-22:00 isWithin: true
[Watchdog] Palmyra Pizzeria: shouldBeOpen=true, currentStatus=true
[OpeningHours] Slot 11:00-22:00 isWithin: true
[Watchdog] MATGO: shouldBeOpen=true, currentStatus=true
[OpeningHours] Slot 10:00-22:00 isWithin: true
[Watchdog] Palmyra Pizzeria: shouldBeOpen=true, currentStatus=true
[OpeningHours] Slot 11:00-22:00 isWithin: true
[Watchdog] MATGO: shouldBeOpen=true, currentStatus=true
[OpeningHours] Slot 10:00-22:00 isWithin: true
[Watchdog] Palmyra Pizzeria: shouldBeOpen=true, currentStatus=true
[OpeningHours] Slot 11:00-22:00 isWithin: true
[Watchdog] MATGO: shouldBeOpen=true, currentStatus=true
[OpeningHours] Slot 10:00-22:00 isWithin: true
[Watchdog] Palmyra Pizzeria: shouldBeOpen=true, currentStatus=true
[OpeningHours] Slot 11:00-22:00 isWithin: true
[Watchdog] MATGO: shouldBeOpen=true, currentStatus=true
[OpeningHours] Slot 10:00-22:00 isWithin: true
[Watchdog] Palmyra Pizzeria: shouldBeOpen=true, currentStatus=true
[OpeningHours] Slot 11:00-22:00 isWithin: true
[Watchdog] MATGO: shouldBeOpen=true, currentStatus=true
[OpeningHours] Slot 10:00-22:00 isWithin: true
[Watchdog] Palmyra Pizzeria: shouldBeOpen=true, currentStatus=true
[OpeningHours] Slot 11:00-22:00 isWithin: true
[Watchdog] MATGO: shouldBeOpen=true, currentStatus=true
[OpeningHours] Slot 10:00-22:00 isWithin: true
[Watchdog] Palmyra Pizzeria: shouldBeOpen=true, currentStatus=true
[OpeningHours] Slot 11:00-22:00 isWithin: true
[Watchdog] MATGO: shouldBeOpen=true, currentStatus=true
[OpeningHours] Slot 10:00-22:00 isWithin: true
[Watchdog] Palmyra Pizzeria: shouldBeOpen=true, currentStatus=true
[OpeningHours] Slot 11:00-22:00 isWithin: true
[Watchdog] MATGO: shouldBeOpen=true, currentStatus=true
[OpeningHours] Slot 10:00-22:00 isWithin: true
[Watchdog] Palmyra Pizzeria: shouldBeOpen=true, currentStatus=true
[OpeningHours] Slot 11:00-22:00 isWithin: true
[Watchdog] MATGO: shouldBeOpen=true, currentStatus=true
[OpeningHours] Slot 10:00-22:00 isWithin: true
[Watchdog] Palmyra Pizzeria: shouldBeOpen=true, currentStatus=true
[OpeningHours] Slot 11:00-22:00 isWithin: true
[Watchdog] MATGO: shouldBeOpen=true, currentStatus=true
[OpeningHours] Slot 10:00-22:00 isWithin: true
[Watchdog] Palmyra Pizzeria: shouldBeOpen=true, currentStatus=true
[OpeningHours] Slot 11:00-22:00 isWithin: true
[Watchdog] MATGO: shouldBeOpen=true, currentStatus=true
[OpeningHours] Slot 10:00-22:00 isWithin: true
[Watchdog] Palmyra Pizzeria: shouldBeOpen=true, currentStatus=true
[OpeningHours] Slot 11:00-22:00 isWithin: true
[Watchdog] MATGO: shouldBeOpen=true, currentStatus=true
[OpeningHours] Slot 10:00-22:00 isWithin: true
[Watchdog] Palmyra Pizzeria: shouldBeOpen=true, currentStatus=true
[OpeningHours] Slot 11:00-22:00 isWithin: true
[Watchdog] MATGO: shouldBeOpen=true, currentStatus=true
[OpeningHours] Slot 10:00-22:00 isWithin: true
[Watchdog] Palmyra Pizzeria: shouldBeOpen=true, currentStatus=true
[OpeningHours] Slot 11:00-22:00 isWithin: true
[Watchdog] MATGO: shouldBeOpen=true, currentStatus=true
[OpeningHours] Slot 10:00-22:00 isWithin: true
[Watchdog] Palmyra Pizzeria: shouldBeOpen=true, currentStatus=true
[OpeningHours] Slot 11:00-22:00 isWithin: true
[Watchdog] MATGO: shouldBeOpen=true, currentStatus=true
[OpeningHours] Slot 10:00-22:00 isWithin: true
[Watchdog] Palmyra Pizzeria: shouldBeOpen=true, currentStatus=true
[OpeningHours] Slot 11:00-22:00 isWithin: true
[Watchdog] MATGO: shouldBeOpen=true, currentStatus=true
[OpeningHours] Slot 10:00-22:00 isWithin: true
[Watchdog] Palmyra Pizzeria: shouldBeOpen=true, currentStatus=true
[OpeningHours] Slot 11:00-22:00 isWithin: true
[Watchdog] MATGO: shouldBeOpen=true, currentStatus=true
[OpeningHours] Slot 10:00-22:00 isWithin: true
[Watchdog] Palmyra Pizzeria: shouldBeOpen=true, currentStatus=true
[OpeningHours] Slot 11:00-22:00 isWithin: true
[Watchdog] MATGO: shouldBeOpen=true, currentStatus=true
[OpeningHours] Slot 10:00-22:00 isWithin: true
[Watchdog] Palmyra Pizzeria: shouldBeOpen=true, currentStatus=true
[OpeningHours] Slot 11:00-22:00 isWithin: true
[Watchdog] MATGO: shouldBeOpen=true, currentStatus=true
[OpeningHours] Slot 10:00-22:00 isWithin: true
[Watchdog] Palmyra Pizzeria: shouldBeOpen=true, currentStatus=true
[OpeningHours] Slot 11:00-22:00 isWithin: true
[Watchdog] MATGO: shouldBeOpen=true, currentStatus=true
[OpeningHours] Slot 10:00-22:00 isWithin: true
[Watchdog] Palmyra Pizzeria: shouldBeOpen=true, currentStatus=true
[OpeningHours] Slot 11:00-22:00 isWithin: true
[Watchdog] MATGO: shouldBeOpen=true, currentStatus=true
[OpeningHours] Slot 10:00-22:00 isWithin: true
[Watchdog] Palmyra Pizzeria: shouldBeOpen=true, currentStatus=true
[OpeningHours] Slot 11:00-22:00 isWithin: true
[Watchdog] MATGO: shouldBeOpen=true, currentStatus=true
[OpeningHours] Slot 10:00-22:00 isWithin: true
[Watchdog] Palmyra Pizzeria: shouldBeOpen=true, currentStatus=true
[OpeningHours] Slot 11:00-22:00 isWithin: true
[Watchdog] MATGO: shouldBeOpen=true, currentStatus=true
[OpeningHours] Slot 10:00-22:00 isWithin: true
[Watchdog] Palmyra Pizzeria: shouldBeOpen=true, currentStatus=true
[OpeningHours] Slot 11:00-22:00 isWithin: true
[Watchdog] MATGO: shouldBeOpen=true, currentStatus=true
[OpeningHours] Slot 10:00-22:00 isWithin: true
[Watchdog] Palmyra Pizzeria: shouldBeOpen=true, currentStatus=true
[OpeningHours] Slot 11:00-22:00 isWithin: true
[Watchdog] MATGO: shouldBeOpen=true, currentStatus=true
[OpeningHours] Slot 10:00-22:00 isWithin: true
[Watchdog] Palmyra Pizzeria: shouldBeOpen=true, currentStatus=true
[OpeningHours] Slot 11:00-22:00 isWithin: true
[Watchdog] MATGO: shouldBeOpen=true, currentStatus=true
[OpeningHours] Slot 10:00-22:00 isWithin: true
[Watchdog] Palmyra Pizzeria: shouldBeOpen=true, currentStatus=true
[OpeningHours] Slot 11:00-22:00 isWithin: true
[Watchdog] MATGO: shouldBeOpen=true, currentStatus=true
[OpeningHours] Slot 10:00-22:00 isWithin: true
[Watchdog] Palmyra Pizzeria: shouldBeOpen=true, currentStatus=true
[OpeningHours] Slot 11:00-22:00 isWithin: true
[Watchdog] MATGO: shouldBeOpen=true, currentStatus=true
[OpeningHours] Slot 10:00-22:00 isWithin: true
[Watchdog] Palmyra Pizzeria: shouldBeOpen=true, currentStatus=true
[OpeningHours] Slot 11:00-22:00 isWithin: true
[Watchdog] MATGO: shouldBeOpen=true, currentStatus=true
[OpeningHours] Slot 10:00-22:00 isWithin: true
[Watchdog] Palmyra Pizzeria: shouldBeOpen=true, currentStatus=true
[OpeningHours] Slot 11:00-22:00 isWithin: true
[Watchdog] MATGO: shouldBeOpen=true, currentStatus=true
[OpeningHours] Slot 10:00-22:00 isWithin: true
[Watchdog] Palmyra Pizzeria: shouldBeOpen=true, currentStatus=true
[OpeningHours] Slot 11:00-22:00 isWithin: true
[Watchdog] MATGO: shouldBeOpen=true, currentStatus=true
[OpeningHours] Slot 10:00-22:00 isWithin: true
[Watchdog] Palmyra Pizzeria: shouldBeOpen=true, currentStatus=true
[OpeningHours] Slot 11:00-22:00 isWithin: true
[Watchdog] MATGO: shouldBeOpen=true, currentStatus=true
[OpeningHours] Slot 10:00-22:00 isWithin: true
[Watchdog] Palmyra Pizzeria: shouldBeOpen=true, currentStatus=true
prisma:error Error in PostgreSQL connection: Error { kind: Closed, cause: None }
prisma:error 
Invalid `prisma_1.default.restaurant.findMany()` invocation in
/Users/jalle/testa/packages/api/dist/lib/restaurantStatus.js:13:63

  10 async function checkAllRestaurantsStatus() {
  11     // console.log('[Watchdog] Checking all restaurants status...');
  12     try {
→ 13         const restaurants = await prisma_1.default.restaurant.findMany(
Server has closed the connection.
[Watchdog] Error checking restaurant status: PrismaClientKnownRequestError: 
Invalid `prisma_1.default.restaurant.findMany()` invocation in
/Users/jalle/testa/packages/api/dist/lib/restaurantStatus.js:13:63

  10 async function checkAllRestaurantsStatus() {
  11     // console.log('[Watchdog] Checking all restaurants status...');
  12     try {
→ 13         const restaurants = await prisma_1.default.restaurant.findMany(
Server has closed the connection.
    at $n.handleRequestError (/Users/jalle/testa/node_modules/.pnpm/@prisma+client@5.22.0_prisma@5.22.0/node_modules/@prisma/client/runtime/library.js:121:7315)
    at $n.handleAndLogRequestError (/Users/jalle/testa/node_modules/.pnpm/@prisma+client@5.22.0_prisma@5.22.0/node_modules/@prisma/client/runtime/library.js:121:6623)
    at $n.request (/Users/jalle/testa/node_modules/.pnpm/@prisma+client@5.22.0_prisma@5.22.0/node_modules/@prisma/client/runtime/library.js:121:6307)
    at async l (/Users/jalle/testa/node_modules/.pnpm/@prisma+client@5.22.0_prisma@5.22.0/node_modules/@prisma/client/runtime/library.js:130:9633)
    at async checkAllRestaurantsStatus (/Users/jalle/testa/packages/api/dist/lib/restaurantStatus.js:13:29) {
  code: 'P1017',
  clientVersion: '5.22.0',
  meta: { modelName: 'Restaurant' }
}
[OpeningHours] Slot 11:00-22:00 isWithin: true
[Watchdog] MATGO: shouldBeOpen=true, currentStatus=true
[OpeningHours] Slot 10:00-22:00 isWithin: true
[Watchdog] Palmyra Pizzeria: shouldBeOpen=true, currentStatus=true
[OpeningHours] Slot 11:00-22:00 isWithin: true
[Watchdog] MATGO: shouldBeOpen=true, currentStatus=true
[OpeningHours] Slot 10:00-22:00 isWithin: true
[Watchdog] Palmyra Pizzeria: shouldBeOpen=true, currentStatus=true
[OpeningHours] Slot 11:00-22:00 isWithin: true
[Watchdog] MATGO: shouldBeOpen=true, currentStatus=true
[OpeningHours] Slot 10:00-22:00 isWithin: true
[Watchdog] Palmyra Pizzeria: shouldBeOpen=true, currentStatus=true
prisma:error Error in PostgreSQL connection: Error { kind: Closed, cause: None }
[OpeningHours] Slot 11:00-22:00 isWithin: true
[Watchdog] MATGO: shouldBeOpen=true, currentStatus=true
[OpeningHours] Slot 10:00-22:00 isWithin: true
[Watchdog] Palmyra Pizzeria: shouldBeOpen=true, currentStatus=true
[OpeningHours] Slot 11:00-22:00 isWithin: true
[Watchdog] MATGO: shouldBeOpen=true, currentStatus=true
[OpeningHours] Slot 10:00-22:00 isWithin: true
[Watchdog] Palmyra Pizzeria: shouldBeOpen=true, currentStatus=true
[OpeningHours] Slot 11:00-22:00 isWithin: true
[Watchdog] MATGO: shouldBeOpen=true, currentStatus=true
[OpeningHours] Slot 10:00-22:00 isWithin: true
[Watchdog] Palmyra Pizzeria: shouldBeOpen=true, currentStatus=true
prisma:error 
Invalid `prisma_1.default.restaurant.findMany()` invocation in
/Users/jalle/testa/packages/api/dist/lib/restaurantStatus.js:13:63

  10 async function checkAllRestaurantsStatus() {
  11     // console.log('[Watchdog] Checking all restaurants status...');
  12     try {
→ 13         const restaurants = await prisma_1.default.restaurant.findMany(
Timed out fetching a new connection from the connection pool. More info: http://pris.ly/d/connection-pool (Current connection pool timeout: 10, connection limit: 17)
[Watchdog] Error checking restaurant status: PrismaClientKnownRequestError: 
Invalid `prisma_1.default.restaurant.findMany()` invocation in
/Users/jalle/testa/packages/api/dist/lib/restaurantStatus.js:13:63

  10 async function checkAllRestaurantsStatus() {
  11     // console.log('[Watchdog] Checking all restaurants status...');
  12     try {
→ 13         const restaurants = await prisma_1.default.restaurant.findMany(
Timed out fetching a new connection from the connection pool. More info: http://pris.ly/d/connection-pool (Current connection pool timeout: 10, connection limit: 17)
    at $n.handleRequestError (/Users/jalle/testa/node_modules/.pnpm/@prisma+client@5.22.0_prisma@5.22.0/node_modules/@prisma/client/runtime/library.js:121:7315)
    at $n.handleAndLogRequestError (/Users/jalle/testa/node_modules/.pnpm/@prisma+client@5.22.0_prisma@5.22.0/node_modules/@prisma/client/runtime/library.js:121:6623)
    at $n.request (/Users/jalle/testa/node_modules/.pnpm/@prisma+client@5.22.0_prisma@5.22.0/node_modules/@prisma/client/runtime/library.js:121:6307)
    at async l (/Users/jalle/testa/node_modules/.pnpm/@prisma+client@5.22.0_prisma@5.22.0/node_modules/@prisma/client/runtime/library.js:130:9633)
    at async checkAllRestaurantsStatus (/Users/jalle/testa/packages/api/dist/lib/restaurantStatus.js:13:29) {
  code: 'P2024',
  clientVersion: '5.22.0',
  meta: { modelName: 'Restaurant', connection_limit: 17, timeout: 10 }
}
[OpeningHours] Slot 11:00-22:00 isWithin: true
[Watchdog] MATGO: shouldBeOpen=true, currentStatus=true
[OpeningHours] Slot 10:00-22:00 isWithin: true
[Watchdog] Palmyra Pizzeria: shouldBeOpen=true, currentStatus=true
[OpeningHours] Slot 11:00-22:00 isWithin: true
[Watchdog] MATGO: shouldBeOpen=true, currentStatus=true
[OpeningHours] Slot 10:00-22:00 isWithin: true
[Watchdog] Palmyra Pizzeria: shouldBeOpen=true, currentStatus=true
[OpeningHours] Slot 11:00-22:00 isWithin: true
[Watchdog] MATGO: shouldBeOpen=true, currentStatus=true
[OpeningHours] Slot 10:00-22:00 isWithin: true
[Watchdog] Palmyra Pizzeria: shouldBeOpen=true, currentStatus=true
prisma:error Error in PostgreSQL connection: Error { kind: Closed, cause: None }
[OpeningHours] Slot 11:00-22:00 isWithin: true
[Watchdog] MATGO: shouldBeOpen=true, currentStatus=true
[OpeningHours] Slot 10:00-22:00 isWithin: true
[Watchdog] Palmyra Pizzeria: shouldBeOpen=true, currentStatus=true
prisma:error Error in PostgreSQL connection: Error { kind: Closed, cause: None }
[OpeningHours] Slot 11:00-22:00 isWithin: true
[Watchdog] MATGO: shouldBeOpen=true, currentStatus=true
[OpeningHours] Slot 10:00-22:00 isWithin: true
[Watchdog] Palmyra Pizzeria: shouldBeOpen=true, currentStatus=true
[OpeningHours] Slot 11:00-22:00 isWithin: true
[Watchdog] MATGO: shouldBeOpen=true, currentStatus=true
[OpeningHours] Slot 10:00-22:00 isWithin: true
[Watchdog] Palmyra Pizzeria: shouldBeOpen=true, currentStatus=true
prisma:error Error in PostgreSQL connection: Error { kind: Closed, cause: None }
[OpeningHours] Slot 11:00-22:00 isWithin: true
[Watchdog] MATGO: shouldBeOpen=true, currentStatus=true
[OpeningHours] Slot 10:00-22:00 isWithin: true
[Watchdog] Palmyra Pizzeria: shouldBeOpen=true, currentStatus=true
[OpeningHours] Slot 11:00-22:00 isWithin: true
[Watchdog] MATGO: shouldBeOpen=true, currentStatus=true
[OpeningHours] Slot 10:00-22:00 isWithin: true
[Watchdog] Palmyra Pizzeria: shouldBeOpen=true, currentStatus=true
[OpeningHours] Slot 11:00-22:00 isWithin: true
[Watchdog] MATGO: shouldBeOpen=true, currentStatus=true
[OpeningHours] Slot 10:00-22:00 isWithin: true
[Watchdog] Palmyra Pizzeria: shouldBeOpen=true, currentStatus=true
prisma:error Error in PostgreSQL connection: Error { kind: Closed, cause: None }
[OpeningHours] Slot 11:00-22:00 isWithin: true
[Watchdog] MATGO: shouldBeOpen=true, currentStatus=true
[OpeningHours] Slot 10:00-22:00 isWithin: true
[Watchdog] Palmyra Pizzeria: shouldBeOpen=true, currentStatus=true
prisma:error 
Invalid `prisma_1.default.restaurant.findMany()` invocation in
/Users/jalle/testa/packages/api/dist/lib/restaurantStatus.js:13:63

  10 async function checkAllRestaurantsStatus() {
  11     // console.log('[Watchdog] Checking all restaurants status...');
  12     try {
→ 13         const restaurants = await prisma_1.default.restaurant.findMany(
Timed out fetching a new connection from the connection pool. More info: http://pris.ly/d/connection-pool (Current connection pool timeout: 10, connection limit: 17)
[Watchdog] Error checking restaurant status: PrismaClientKnownRequestError: 
Invalid `prisma_1.default.restaurant.findMany()` invocation in
/Users/jalle/testa/packages/api/dist/lib/restaurantStatus.js:13:63

  10 async function checkAllRestaurantsStatus() {
  11     // console.log('[Watchdog] Checking all restaurants status...');
  12     try {
→ 13         const restaurants = await prisma_1.default.restaurant.findMany(
Timed out fetching a new connection from the connection pool. More info: http://pris.ly/d/connection-pool (Current connection pool timeout: 10, connection limit: 17)
    at $n.handleRequestError (/Users/jalle/testa/node_modules/.pnpm/@prisma+client@5.22.0_prisma@5.22.0/node_modules/@prisma/client/runtime/library.js:121:7315)
    at $n.handleAndLogRequestError (/Users/jalle/testa/node_modules/.pnpm/@prisma+client@5.22.0_prisma@5.22.0/node_modules/@prisma/client/runtime/library.js:121:6623)
    at $n.request (/Users/jalle/testa/node_modules/.pnpm/@prisma+client@5.22.0_prisma@5.22.0/node_modules/@prisma/client/runtime/library.js:121:6307)
    at async l (/Users/jalle/testa/node_modules/.pnpm/@prisma+client@5.22.0_prisma@5.22.0/node_modules/@prisma/client/runtime/library.js:130:9633)
    at async checkAllRestaurantsStatus (/Users/jalle/testa/packages/api/dist/lib/restaurantStatus.js:13:29) {
  code: 'P2024',
  clientVersion: '5.22.0',
  meta: { modelName: 'Restaurant', connection_limit: 17, timeout: 10 }
}
[OpeningHours] Slot 11:00-22:00 isWithin: true
[Watchdog] MATGO: shouldBeOpen=true, currentStatus=true
[OpeningHours] Slot 10:00-22:00 isWithin: true
[Watchdog] Palmyra Pizzeria: shouldBeOpen=true, currentStatus=true
prisma:error Error in PostgreSQL connection: Error { kind: Closed, cause: None }
[OpeningHours] Slot 11:00-22:00 isWithin: true
[Watchdog] MATGO: shouldBeOpen=true, currentStatus=true
[OpeningHours] Slot 10:00-22:00 isWithin: true
[Watchdog] Palmyra Pizzeria: shouldBeOpen=true, currentStatus=true
prisma:error Error in PostgreSQL connection: Error { kind: Closed, cause: None }
prisma:error Error in PostgreSQL connection: Error { kind: Closed, cause: None }
[OpeningHours] Slot 11:00-22:00 isWithin: true
[Watchdog] MATGO: shouldBeOpen=true, currentStatus=true
[OpeningHours] Slot 10:00-22:00 isWithin: true
[Watchdog] Palmyra Pizzeria: shouldBeOpen=true, currentStatus=true
prisma:error 
Invalid `prisma_1.default.restaurant.findMany()` invocation in
/Users/jalle/testa/packages/api/dist/lib/restaurantStatus.js:13:63

  10 async function checkAllRestaurantsStatus() {
  11     // console.log('[Watchdog] Checking all restaurants status...');
  12     try {
→ 13         const restaurants = await prisma_1.default.restaurant.findMany(
Timed out fetching a new connection from the connection pool. More info: http://pris.ly/d/connection-pool (Current connection pool timeout: 10, connection limit: 17)
[Watchdog] Error checking restaurant status: PrismaClientKnownRequestError: 
Invalid `prisma_1.default.restaurant.findMany()` invocation in
/Users/jalle/testa/packages/api/dist/lib/restaurantStatus.js:13:63

  10 async function checkAllRestaurantsStatus() {
  11     // console.log('[Watchdog] Checking all restaurants status...');
  12     try {
→ 13         const restaurants = await prisma_1.default.restaurant.findMany(
Timed out fetching a new connection from the connection pool. More info: http://pris.ly/d/connection-pool (Current connection pool timeout: 10, connection limit: 17)
    at $n.handleRequestError (/Users/jalle/testa/node_modules/.pnpm/@prisma+client@5.22.0_prisma@5.22.0/node_modules/@prisma/client/runtime/library.js:121:7315)
    at $n.handleAndLogRequestError (/Users/jalle/testa/node_modules/.pnpm/@prisma+client@5.22.0_prisma@5.22.0/node_modules/@prisma/client/runtime/library.js:121:6623)
    at $n.request (/Users/jalle/testa/node_modules/.pnpm/@prisma+client@5.22.0_prisma@5.22.0/node_modules/@prisma/client/runtime/library.js:121:6307)
    at async l (/Users/jalle/testa/node_modules/.pnpm/@prisma+client@5.22.0_prisma@5.22.0/node_modules/@prisma/client/runtime/library.js:130:9633)
    at async checkAllRestaurantsStatus (/Users/jalle/testa/packages/api/dist/lib/restaurantStatus.js:13:29) {
  code: 'P2024',
  clientVersion: '5.22.0',
  meta: { modelName: 'Restaurant', connection_limit: 17, timeout: 10 }
}
prisma:error Error in PostgreSQL connection: Error { kind: Closed, cause: None }
[OpeningHours] Slot 11:00-22:00 isWithin: true
[Watchdog] MATGO: shouldBeOpen=true, currentStatus=true
[OpeningHours] Slot 10:00-22:00 isWithin: true
[Watchdog] Palmyra Pizzeria: shouldBeOpen=true, currentStatus=true
prisma:error 
Invalid `prisma_1.default.restaurant.findMany()` invocation in
/Users/jalle/testa/packages/api/dist/lib/restaurantStatus.js:13:63

  10 async function checkAllRestaurantsStatus() {
  11     // console.log('[Watchdog] Checking all restaurants status...');
  12     try {
→ 13         const restaurants = await prisma_1.default.restaurant.findMany(
Timed out fetching a new connection from the connection pool. More info: http://pris.ly/d/connection-pool (Current connection pool timeout: 10, connection limit: 17)
[Watchdog] Error checking restaurant status: PrismaClientKnownRequestError: 
Invalid `prisma_1.default.restaurant.findMany()` invocation in
/Users/jalle/testa/packages/api/dist/lib/restaurantStatus.js:13:63

  10 async function checkAllRestaurantsStatus() {
  11     // console.log('[Watchdog] Checking all restaurants status...');
  12     try {
→ 13         const restaurants = await prisma_1.default.restaurant.findMany(
Timed out fetching a new connection from the connection pool. More info: http://pris.ly/d/connection-pool (Current connection pool timeout: 10, connection limit: 17)
    at $n.handleRequestError (/Users/jalle/testa/node_modules/.pnpm/@prisma+client@5.22.0_prisma@5.22.0/node_modules/@prisma/client/runtime/library.js:121:7315)
    at $n.handleAndLogRequestError (/Users/jalle/testa/node_modules/.pnpm/@prisma+client@5.22.0_prisma@5.22.0/node_modules/@prisma/client/runtime/library.js:121:6623)
    at $n.request (/Users/jalle/testa/node_modules/.pnpm/@prisma+client@5.22.0_prisma@5.22.0/node_modules/@prisma/client/runtime/library.js:121:6307)
    at async l (/Users/jalle/testa/node_modules/.pnpm/@prisma+client@5.22.0_prisma@5.22.0/node_modules/@prisma/client/runtime/library.js:130:9633)
    at async checkAllRestaurantsStatus (/Users/jalle/testa/packages/api/dist/lib/restaurantStatus.js:13:29) {
  code: 'P2024',
  clientVersion: '5.22.0',
  meta: { modelName: 'Restaurant', connection_limit: 17, timeout: 10 }
}
prisma:error Error in PostgreSQL connection: Error { kind: Closed, cause: None }
prisma:error 
Invalid `prisma_1.default.restaurant.findMany()` invocation in
/Users/jalle/testa/packages/api/dist/lib/restaurantStatus.js:13:63

  10 async function checkAllRestaurantsStatus() {
  11     // console.log('[Watchdog] Checking all restaurants status...');
  12     try {
→ 13         const restaurants = await prisma_1.default.restaurant.findMany(
Can't reach database server at `aws-1-eu-central-1.pooler.supabase.com:6543`

Please make sure your database server is running at `aws-1-eu-central-1.pooler.supabase.com:6543`.
[Watchdog] Error checking restaurant status: PrismaClientKnownRequestError: 
Invalid `prisma_1.default.restaurant.findMany()` invocation in
/Users/jalle/testa/packages/api/dist/lib/restaurantStatus.js:13:63

  10 async function checkAllRestaurantsStatus() {
  11     // console.log('[Watchdog] Checking all restaurants status...');
  12     try {
→ 13         const restaurants = await prisma_1.default.restaurant.findMany(
Can't reach database server at `aws-1-eu-central-1.pooler.supabase.com:6543`

Please make sure your database server is running at `aws-1-eu-central-1.pooler.supabase.com:6543`.
    at $n.handleRequestError (/Users/jalle/testa/node_modules/.pnpm/@prisma+client@5.22.0_prisma@5.22.0/node_modules/@prisma/client/runtime/library.js:121:7315)
    at $n.handleAndLogRequestError (/Users/jalle/testa/node_modules/.pnpm/@prisma+client@5.22.0_prisma@5.22.0/node_modules/@prisma/client/runtime/library.js:121:6623)
    at $n.request (/Users/jalle/testa/node_modules/.pnpm/@prisma+client@5.22.0_prisma@5.22.0/node_modules/@prisma/client/runtime/library.js:121:6307)
    at async l (/Users/jalle/testa/node_modules/.pnpm/@prisma+client@5.22.0_prisma@5.22.0/node_modules/@prisma/client/runtime/library.js:130:9633)
    at async checkAllRestaurantsStatus (/Users/jalle/testa/packages/api/dist/lib/restaurantStatus.js:13:29) {
  code: 'P1001',
  clientVersion: '5.22.0',
  meta: {
    modelName: 'Restaurant',
    database_host: 'aws-1-eu-central-1.pooler.supabase.com',
    database_port: 6543
  }
}
prisma:error 
Invalid `prisma_1.default.restaurant.findMany()` invocation in
/Users/jalle/testa/packages/api/dist/lib/restaurantStatus.js:13:63

  10 async function checkAllRestaurantsStatus() {
  11     // console.log('[Watchdog] Checking all restaurants status...');
  12     try {
→ 13         const restaurants = await prisma_1.default.restaurant.findMany(
Can't reach database server at `aws-1-eu-central-1.pooler.supabase.com:6543`

Please make sure your database server is running at `aws-1-eu-central-1.pooler.supabase.com:6543`.
[Watchdog] Error checking restaurant status: PrismaClientKnownRequestError: 
Invalid `prisma_1.default.restaurant.findMany()` invocation in
/Users/jalle/testa/packages/api/dist/lib/restaurantStatus.js:13:63

  10 async function checkAllRestaurantsStatus() {
  11     // console.log('[Watchdog] Checking all restaurants status...');
  12     try {
→ 13         const restaurants = await prisma_1.default.restaurant.findMany(
Can't reach database server at `aws-1-eu-central-1.pooler.supabase.com:6543`

Please make sure your database server is running at `aws-1-eu-central-1.pooler.supabase.com:6543`.
    at $n.handleRequestError (/Users/jalle/testa/node_modules/.pnpm/@prisma+client@5.22.0_prisma@5.22.0/node_modules/@prisma/client/runtime/library.js:121:7315)
    at $n.handleAndLogRequestError (/Users/jalle/testa/node_modules/.pnpm/@prisma+client@5.22.0_prisma@5.22.0/node_modules/@prisma/client/runtime/library.js:121:6623)
    at $n.request (/Users/jalle/testa/node_modules/.pnpm/@prisma+client@5.22.0_prisma@5.22.0/node_modules/@prisma/client/runtime/library.js:121:6307)
    at async l (/Users/jalle/testa/node_modules/.pnpm/@prisma+client@5.22.0_prisma@5.22.0/node_modules/@prisma/client/runtime/library.js:130:9633)
    at async checkAllRestaurantsStatus (/Users/jalle/testa/packages/api/dist/lib/restaurantStatus.js:13:29) {
  code: 'P1001',
  clientVersion: '5.22.0',
  meta: {
    modelName: 'Restaurant',
    database_host: 'aws-1-eu-central-1.pooler.supabase.com',
    database_port: 6543
  }
}
prisma:error 
Invalid `prisma_1.default.restaurant.findMany()` invocation in
/Users/jalle/testa/packages/api/dist/lib/restaurantStatus.js:13:63

  10 async function checkAllRestaurantsStatus() {
  11     // console.log('[Watchdog] Checking all restaurants status...');
  12     try {
→ 13         const restaurants = await prisma_1.default.restaurant.findMany(
Can't reach database server at `aws-1-eu-central-1.pooler.supabase.com:6543`

Please make sure your database server is running at `aws-1-eu-central-1.pooler.supabase.com:6543`.
[Watchdog] Error checking restaurant status: PrismaClientKnownRequestError: 
Invalid `prisma_1.default.restaurant.findMany()` invocation in
/Users/jalle/testa/packages/api/dist/lib/restaurantStatus.js:13:63

  10 async function checkAllRestaurantsStatus() {
  11     // console.log('[Watchdog] Checking all restaurants status...');
  12     try {
→ 13         const restaurants = await prisma_1.default.restaurant.findMany(
Can't reach database server at `aws-1-eu-central-1.pooler.supabase.com:6543`

Please make sure your database server is running at `aws-1-eu-central-1.pooler.supabase.com:6543`.
    at $n.handleRequestError (/Users/jalle/testa/node_modules/.pnpm/@prisma+client@5.22.0_prisma@5.22.0/node_modules/@prisma/client/runtime/library.js:121:7315)
    at $n.handleAndLogRequestError (/Users/jalle/testa/node_modules/.pnpm/@prisma+client@5.22.0_prisma@5.22.0/node_modules/@prisma/client/runtime/library.js:121:6623)
    at $n.request (/Users/jalle/testa/node_modules/.pnpm/@prisma+client@5.22.0_prisma@5.22.0/node_modules/@prisma/client/runtime/library.js:121:6307)
    at async l (/Users/jalle/testa/node_modules/.pnpm/@prisma+client@5.22.0_prisma@5.22.0/node_modules/@prisma/client/runtime/library.js:130:9633)
    at async checkAllRestaurantsStatus (/Users/jalle/testa/packages/api/dist/lib/restaurantStatus.js:13:29) {
  code: 'P1001',
  clientVersion: '5.22.0',
  meta: {
    modelName: 'Restaurant',
    database_host: 'aws-1-eu-central-1.pooler.supabase.com',
    database_port: 6543
  }
}
[OpeningHours] Slot 11:00-22:00 isWithin: true
[Watchdog] MATGO: shouldBeOpen=true, currentStatus=true
[OpeningHours] Slot 10:00-22:00 isWithin: true
[Watchdog] Palmyra Pizzeria: shouldBeOpen=true, currentStatus=true
prisma:error Error in PostgreSQL connection: Error { kind: Closed, cause: None }
prisma:error 
Invalid `prisma_1.default.restaurant.findMany()` invocation in
/Users/jalle/testa/packages/api/dist/lib/restaurantStatus.js:13:63

  10 async function checkAllRestaurantsStatus() {
  11     // console.log('[Watchdog] Checking all restaurants status...');
  12     try {
→ 13         const restaurants = await prisma_1.default.restaurant.findMany(
Can't reach database server at `aws-1-eu-central-1.pooler.supabase.com:6543`

Please make sure your database server is running at `aws-1-eu-central-1.pooler.supabase.com:6543`.
[Watchdog] Error checking restaurant status: PrismaClientKnownRequestError: 
Invalid `prisma_1.default.restaurant.findMany()` invocation in
/Users/jalle/testa/packages/api/dist/lib/restaurantStatus.js:13:63

  10 async function checkAllRestaurantsStatus() {
  11     // console.log('[Watchdog] Checking all restaurants status...');
  12     try {
→ 13         const restaurants = await prisma_1.default.restaurant.findMany(
Can't reach database server at `aws-1-eu-central-1.pooler.supabase.com:6543`

Please make sure your database server is running at `aws-1-eu-central-1.pooler.supabase.com:6543`.
    at $n.handleRequestError (/Users/jalle/testa/node_modules/.pnpm/@prisma+client@5.22.0_prisma@5.22.0/node_modules/@prisma/client/runtime/library.js:121:7315)
    at $n.handleAndLogRequestError (/Users/jalle/testa/node_modules/.pnpm/@prisma+client@5.22.0_prisma@5.22.0/node_modules/@prisma/client/runtime/library.js:121:6623)
    at $n.request (/Users/jalle/testa/node_modules/.pnpm/@prisma+client@5.22.0_prisma@5.22.0/node_modules/@prisma/client/runtime/library.js:121:6307)
    at async l (/Users/jalle/testa/node_modules/.pnpm/@prisma+client@5.22.0_prisma@5.22.0/node_modules/@prisma/client/runtime/library.js:130:9633)
    at async checkAllRestaurantsStatus (/Users/jalle/testa/packages/api/dist/lib/restaurantStatus.js:13:29) {
  code: 'P1001',
  clientVersion: '5.22.0',
  meta: {
    modelName: 'Restaurant',
    database_host: 'aws-1-eu-central-1.pooler.supabase.com',
    database_port: 6543
  }
}
prisma:error 
Invalid `prisma_1.default.restaurant.findMany()` invocation in
/Users/jalle/testa/packages/api/dist/lib/restaurantStatus.js:13:63

  10 async function checkAllRestaurantsStatus() {
  11     // console.log('[Watchdog] Checking all restaurants status...');
  12     try {
→ 13         const restaurants = await prisma_1.default.restaurant.findMany(
Can't reach database server at `aws-1-eu-central-1.pooler.supabase.com:6543`

Please make sure your database server is running at `aws-1-eu-central-1.pooler.supabase.com:6543`.
[Watchdog] Error checking restaurant status: PrismaClientKnownRequestError: 
Invalid `prisma_1.default.restaurant.findMany()` invocation in
/Users/jalle/testa/packages/api/dist/lib/restaurantStatus.js:13:63

  10 async function checkAllRestaurantsStatus() {
  11     // console.log('[Watchdog] Checking all restaurants status...');
  12     try {
→ 13         const restaurants = await prisma_1.default.restaurant.findMany(
Can't reach database server at `aws-1-eu-central-1.pooler.supabase.com:6543`

Please make sure your database server is running at `aws-1-eu-central-1.pooler.supabase.com:6543`.
    at $n.handleRequestError (/Users/jalle/testa/node_modules/.pnpm/@prisma+client@5.22.0_prisma@5.22.0/node_modules/@prisma/client/runtime/library.js:121:7315)
    at $n.handleAndLogRequestError (/Users/jalle/testa/node_modules/.pnpm/@prisma+client@5.22.0_prisma@5.22.0/node_modules/@prisma/client/runtime/library.js:121:6623)
    at $n.request (/Users/jalle/testa/node_modules/.pnpm/@prisma+client@5.22.0_prisma@5.22.0/node_modules/@prisma/client/runtime/library.js:121:6307)
    at async l (/Users/jalle/testa/node_modules/.pnpm/@prisma+client@5.22.0_prisma@5.22.0/node_modules/@prisma/client/runtime/library.js:130:9633)
    at async checkAllRestaurantsStatus (/Users/jalle/testa/packages/api/dist/lib/restaurantStatus.js:13:29) {
  code: 'P1001',
  clientVersion: '5.22.0',
  meta: {
    modelName: 'Restaurant',
    database_host: 'aws-1-eu-central-1.pooler.supabase.com',
    database_port: 6543
  }
}
[OpeningHours] Slot 11:00-22:00 isWithin: true
[Watchdog] MATGO: shouldBeOpen=true, currentStatus=true
[OpeningHours] Slot 10:00-22:00 isWithin: true
[Watchdog] Palmyra Pizzeria: shouldBeOpen=true, currentStatus=true
prisma:error Error in PostgreSQL connection: Error { kind: Closed, cause: None }
prisma:error Error in PostgreSQL connection: Error { kind: Closed, cause: None }
prisma:error 
Invalid `prisma_1.default.restaurant.findMany()` invocation in
/Users/jalle/testa/packages/api/dist/lib/restaurantStatus.js:13:63

  10 async function checkAllRestaurantsStatus() {
  11     // console.log('[Watchdog] Checking all restaurants status...');
  12     try {
→ 13         const restaurants = await prisma_1.default.restaurant.findMany(
Server has closed the connection.
[Watchdog] Error checking restaurant status: PrismaClientKnownRequestError: 
Invalid `prisma_1.default.restaurant.findMany()` invocation in
/Users/jalle/testa/packages/api/dist/lib/restaurantStatus.js:13:63

  10 async function checkAllRestaurantsStatus() {
  11     // console.log('[Watchdog] Checking all restaurants status...');
  12     try {
→ 13         const restaurants = await prisma_1.default.restaurant.findMany(
Server has closed the connection.
    at $n.handleRequestError (/Users/jalle/testa/node_modules/.pnpm/@prisma+client@5.22.0_prisma@5.22.0/node_modules/@prisma/client/runtime/library.js:121:7315)
    at $n.handleAndLogRequestError (/Users/jalle/testa/node_modules/.pnpm/@prisma+client@5.22.0_prisma@5.22.0/node_modules/@prisma/client/runtime/library.js:121:6623)
    at $n.request (/Users/jalle/testa/node_modules/.pnpm/@prisma+client@5.22.0_prisma@5.22.0/node_modules/@prisma/client/runtime/library.js:121:6307)
    at async l (/Users/jalle/testa/node_modules/.pnpm/@prisma+client@5.22.0_prisma@5.22.0/node_modules/@prisma/client/runtime/library.js:130:9633)
    at async checkAllRestaurantsStatus (/Users/jalle/testa/packages/api/dist/lib/restaurantStatus.js:13:29) {
  code: 'P1017',
  clientVersion: '5.22.0',
  meta: { modelName: 'Restaurant' }
}
[OpeningHours] Slot 11:00-22:00 isWithin: true
[Watchdog] MATGO: shouldBeOpen=true, currentStatus=true
[OpeningHours] Slot 10:00-22:00 isWithin: true
[Watchdog] Palmyra Pizzeria: shouldBeOpen=true, currentStatus=true
prisma:error Error in PostgreSQL connection: Error { kind: Closed, cause: None }
[OpeningHours] Slot 11:00-22:00 isWithin: true
[Watchdog] MATGO: shouldBeOpen=true, currentStatus=true
[OpeningHours] Slot 10:00-22:00 isWithin: true
[Watchdog] Palmyra Pizzeria: shouldBeOpen=true, currentStatus=true
prisma:error Error in PostgreSQL connection: Error { kind: Closed, cause: None }
[OpeningHours] Slot 11:00-22:00 isWithin: true
[Watchdog] MATGO: shouldBeOpen=true, currentStatus=true
[OpeningHours] Slot 10:00-22:00 isWithin: true
[Watchdog] Palmyra Pizzeria: shouldBeOpen=true, currentStatus=true
prisma:error Error in PostgreSQL connection: Error { kind: Closed, cause: None }
[OpeningHours] Slot 11:00-22:00 isWithin: true
[Watchdog] MATGO: shouldBeOpen=true, currentStatus=true
[OpeningHours] Slot 10:00-22:00 isWithin: true
[Watchdog] Palmyra Pizzeria: shouldBeOpen=true, currentStatus=true
prisma:error Error in PostgreSQL connection: Error { kind: Closed, cause: None }
[OpeningHours] Slot 11:00-22:00 isWithin: true
[Watchdog] MATGO: shouldBeOpen=true, currentStatus=true
[OpeningHours] Slot 10:00-22:00 isWithin: true
[Watchdog] Palmyra Pizzeria: shouldBeOpen=true, currentStatus=true
prisma:error Error in PostgreSQL connection: Error { kind: Closed, cause: None }
[OpeningHours] Slot 11:00-22:00 isWithin: true
[Watchdog] MATGO: shouldBeOpen=true, currentStatus=true
[OpeningHours] Slot 10:00-22:00 isWithin: true
[Watchdog] Palmyra Pizzeria: shouldBeOpen=true, currentStatus=true
prisma:error 
Invalid `prisma_1.default.restaurant.findMany()` invocation in
/Users/jalle/testa/packages/api/dist/lib/restaurantStatus.js:13:63

  10 async function checkAllRestaurantsStatus() {
  11     // console.log('[Watchdog] Checking all restaurants status...');
  12     try {
→ 13         const restaurants = await prisma_1.default.restaurant.findMany(
Timed out fetching a new connection from the connection pool. More info: http://pris.ly/d/connection-pool (Current connection pool timeout: 10, connection limit: 17)
[Watchdog] Error checking restaurant status: PrismaClientKnownRequestError: 
Invalid `prisma_1.default.restaurant.findMany()` invocation in
/Users/jalle/testa/packages/api/dist/lib/restaurantStatus.js:13:63

  10 async function checkAllRestaurantsStatus() {
  11     // console.log('[Watchdog] Checking all restaurants status...');
  12     try {
→ 13         const restaurants = await prisma_1.default.restaurant.findMany(
Timed out fetching a new connection from the connection pool. More info: http://pris.ly/d/connection-pool (Current connection pool timeout: 10, connection limit: 17)
    at $n.handleRequestError (/Users/jalle/testa/node_modules/.pnpm/@prisma+client@5.22.0_prisma@5.22.0/node_modules/@prisma/client/runtime/library.js:121:7315)
    at $n.handleAndLogRequestError (/Users/jalle/testa/node_modules/.pnpm/@prisma+client@5.22.0_prisma@5.22.0/node_modules/@prisma/client/runtime/library.js:121:6623)
    at $n.request (/Users/jalle/testa/node_modules/.pnpm/@prisma+client@5.22.0_prisma@5.22.0/node_modules/@prisma/client/runtime/library.js:121:6307)
    at async l (/Users/jalle/testa/node_modules/.pnpm/@prisma+client@5.22.0_prisma@5.22.0/node_modules/@prisma/client/runtime/library.js:130:9633)
    at async checkAllRestaurantsStatus (/Users/jalle/testa/packages/api/dist/lib/restaurantStatus.js:13:29) {
  code: 'P2024',
  clientVersion: '5.22.0',
  meta: { modelName: 'Restaurant', connection_limit: 17, timeout: 10 }
}
[OpeningHours] Slot 11:00-22:00 isWithin: true
[Watchdog] MATGO: shouldBeOpen=true, currentStatus=true
[OpeningHours] Slot 10:00-22:00 isWithin: true
[Watchdog] Palmyra Pizzeria: shouldBeOpen=true, currentStatus=true
prisma:error Error in PostgreSQL connection: Error { kind: Closed, cause: None }
[OpeningHours] Slot 11:00-22:00 isWithin: true
[Watchdog] MATGO: shouldBeOpen=true, currentStatus=true
[OpeningHours] Slot 10:00-22:00 isWithin: true
[Watchdog] Palmyra Pizzeria: shouldBeOpen=true, currentStatus=true
prisma:error Error in PostgreSQL connection: Error { kind: Closed, cause: None }
[OpeningHours] Slot 11:00-22:00 isWithin: true
[Watchdog] MATGO: shouldBeOpen=true, currentStatus=true
[OpeningHours] Slot 10:00-22:00 isWithin: true
[Watchdog] Palmyra Pizzeria: shouldBeOpen=true, currentStatus=true
prisma:error 
Invalid `prisma_1.default.restaurant.findMany()` invocation in
/Users/jalle/testa/packages/api/dist/lib/restaurantStatus.js:13:63

  10 async function checkAllRestaurantsStatus() {
  11     // console.log('[Watchdog] Checking all restaurants status...');
  12     try {
→ 13         const restaurants = await prisma_1.default.restaurant.findMany(
Timed out fetching a new connection from the connection pool. More info: http://pris.ly/d/connection-pool (Current connection pool timeout: 10, connection limit: 17)
[Watchdog] Error checking restaurant status: PrismaClientKnownRequestError: 
Invalid `prisma_1.default.restaurant.findMany()` invocation in
/Users/jalle/testa/packages/api/dist/lib/restaurantStatus.js:13:63

  10 async function checkAllRestaurantsStatus() {
  11     // console.log('[Watchdog] Checking all restaurants status...');
  12     try {
→ 13         const restaurants = await prisma_1.default.restaurant.findMany(
Timed out fetching a new connection from the connection pool. More info: http://pris.ly/d/connection-pool (Current connection pool timeout: 10, connection limit: 17)
    at $n.handleRequestError (/Users/jalle/testa/node_modules/.pnpm/@prisma+client@5.22.0_prisma@5.22.0/node_modules/@prisma/client/runtime/library.js:121:7315)
    at $n.handleAndLogRequestError (/Users/jalle/testa/node_modules/.pnpm/@prisma+client@5.22.0_prisma@5.22.0/node_modules/@prisma/client/runtime/library.js:121:6623)
    at $n.request (/Users/jalle/testa/node_modules/.pnpm/@prisma+client@5.22.0_prisma@5.22.0/node_modules/@prisma/client/runtime/library.js:121:6307)
    at async l (/Users/jalle/testa/node_modules/.pnpm/@prisma+client@5.22.0_prisma@5.22.0/node_modules/@prisma/client/runtime/library.js:130:9633)
    at async checkAllRestaurantsStatus (/Users/jalle/testa/packages/api/dist/lib/restaurantStatus.js:13:29) {
  code: 'P2024',
  clientVersion: '5.22.0',
  meta: { modelName: 'Restaurant', connection_limit: 17, timeout: 10 }
}
[OpeningHours] Slot 11:00-22:00 isWithin: true
[Watchdog] MATGO: shouldBeOpen=true, currentStatus=true
[OpeningHours] Slot 10:00-22:00 isWithin: true
[Watchdog] Palmyra Pizzeria: shouldBeOpen=true, currentStatus=true
prisma:error Error in PostgreSQL connection: Error { kind: Closed, cause: None }
[OpeningHours] Slot 11:00-22:00 isWithin: true
[Watchdog] MATGO: shouldBeOpen=true, currentStatus=true
[OpeningHours] Slot 10:00-22:00 isWithin: true
[Watchdog] Palmyra Pizzeria: shouldBeOpen=true, currentStatus=true
prisma:error Error in PostgreSQL connection: Error { kind: Closed, cause: None }
[OpeningHours] Slot 11:00-22:00 isWithin: true
[Watchdog] MATGO: shouldBeOpen=true, currentStatus=true
[OpeningHours] Slot 10:00-22:00 isWithin: true
[Watchdog] Palmyra Pizzeria: shouldBeOpen=true, currentStatus=true
prisma:error Error in PostgreSQL connection: Error { kind: Closed, cause: None }
[OpeningHours] Slot 11:00-22:00 isWithin: false
[Watchdog] MATGO: shouldBeOpen=false, currentStatus=false
[OpeningHours] Slot 10:00-22:00 isWithin: false
[Watchdog] Palmyra Pizzeria: shouldBeOpen=false, currentStatus=false
prisma:error Error in PostgreSQL connection: Error { kind: Closed, cause: None }
[OpeningHours] Slot 11:00-22:00 isWithin: false
[Watchdog] MATGO: shouldBeOpen=false, currentStatus=false
[OpeningHours] Slot 10:00-22:00 isWithin: false
[Watchdog] Palmyra Pizzeria: shouldBeOpen=false, currentStatus=false
prisma:error Error in PostgreSQL connection: Error { kind: Closed, cause: None }
prisma:error Error in PostgreSQL connection: Error { kind: Closed, cause: None }
[OpeningHours] Slot 11:00-22:00 isWithin: false
[Watchdog] MATGO: shouldBeOpen=false, currentStatus=false
[OpeningHours] Slot 10:00-22:00 isWithin: false
[Watchdog] Palmyra Pizzeria: shouldBeOpen=false, currentStatus=false
prisma:error Error in PostgreSQL connection: Error { kind: Closed, cause: None }
[OpeningHours] Slot 11:00-22:00 isWithin: false
[Watchdog] MATGO: shouldBeOpen=false, currentStatus=false
[OpeningHours] Slot 00:00-00:00 isWithin: true
[Watchdog] Palmyra Pizzeria: shouldBeOpen=true, currentStatus=false
[Watchdog] !!! STATUS MISMATCH for Palmyra Pizzeria: Changing false -> true
prisma:error Error in PostgreSQL connection: Error { kind: Closed, cause: None }
[OpeningHours] Slot 11:00-22:00 isWithin: false
[Watchdog] MATGO: shouldBeOpen=false, currentStatus=false
[OpeningHours] Slot 00:00-00:00 isWithin: true
[Watchdog] Palmyra Pizzeria: shouldBeOpen=true, currentStatus=true
prisma:error Error in PostgreSQL connection: Error { kind: Closed, cause: None }
[OpeningHours] Slot 11:00-22:00 isWithin: false
[Watchdog] MATGO: shouldBeOpen=false, currentStatus=false
[OpeningHours] Slot 00:00-00:00 isWithin: true
[Watchdog] Palmyra Pizzeria: shouldBeOpen=true, currentStatus=true
prisma:error Error in PostgreSQL connection: Error { kind: Closed, cause: None }
[OpeningHours] Slot 11:00-22:00 isWithin: false
[Watchdog] MATGO: shouldBeOpen=false, currentStatus=false
[OpeningHours] Slot 00:00-00:00 isWithin: true
[Watchdog] Palmyra Pizzeria: shouldBeOpen=true, currentStatus=true
prisma:error 
Invalid `prisma_1.default.restaurant.findMany()` invocation in
/Users/jalle/testa/packages/api/dist/lib/restaurantStatus.js:13:63

  10 async function checkAllRestaurantsStatus() {
  11     // console.log('[Watchdog] Checking all restaurants status...');
  12     try {
→ 13         const restaurants = await prisma_1.default.restaurant.findMany(
Timed out fetching a new connection from the connection pool. More info: http://pris.ly/d/connection-pool (Current connection pool timeout: 10, connection limit: 17)
[Watchdog] Error checking restaurant status: PrismaClientKnownRequestError: 
Invalid `prisma_1.default.restaurant.findMany()` invocation in
/Users/jalle/testa/packages/api/dist/lib/restaurantStatus.js:13:63

  10 async function checkAllRestaurantsStatus() {
  11     // console.log('[Watchdog] Checking all restaurants status...');
  12     try {
→ 13         const restaurants = await prisma_1.default.restaurant.findMany(
Timed out fetching a new connection from the connection pool. More info: http://pris.ly/d/connection-pool (Current connection pool timeout: 10, connection limit: 17)
    at $n.handleRequestError (/Users/jalle/testa/node_modules/.pnpm/@prisma+client@5.22.0_prisma@5.22.0/node_modules/@prisma/client/runtime/library.js:121:7315)
    at $n.handleAndLogRequestError (/Users/jalle/testa/node_modules/.pnpm/@prisma+client@5.22.0_prisma@5.22.0/node_modules/@prisma/client/runtime/library.js:121:6623)
    at $n.request (/Users/jalle/testa/node_modules/.pnpm/@prisma+client@5.22.0_prisma@5.22.0/node_modules/@prisma/client/runtime/library.js:121:6307)
    at async l (/Users/jalle/testa/node_modules/.pnpm/@prisma+client@5.22.0_prisma@5.22.0/node_modules/@prisma/client/runtime/library.js:130:9633)
    at async checkAllRestaurantsStatus (/Users/jalle/testa/packages/api/dist/lib/restaurantStatus.js:13:29) {
  code: 'P2024',
  clientVersion: '5.22.0',
  meta: { modelName: 'Restaurant', connection_limit: 17, timeout: 10 }
}
[OpeningHours] Slot 11:00-22:00 isWithin: false
[Watchdog] MATGO: shouldBeOpen=false, currentStatus=false
[OpeningHours] Slot 00:00-00:00 isWithin: true
[Watchdog] Palmyra Pizzeria: shouldBeOpen=true, currentStatus=true
prisma:error Error in PostgreSQL connection: Error { kind: Closed, cause: None }
[OpeningHours] Slot 11:00-22:00 isWithin: false
[Watchdog] MATGO: shouldBeOpen=false, currentStatus=false
[OpeningHours] Slot 00:00-00:00 isWithin: true
[Watchdog] Palmyra Pizzeria: shouldBeOpen=true, currentStatus=true
prisma:error Error in PostgreSQL connection: Error { kind: Closed, cause: None }
[OpeningHours] Slot 11:00-22:00 isWithin: false
[Watchdog] MATGO: shouldBeOpen=false, currentStatus=false
[OpeningHours] Slot 00:00-00:00 isWithin: true
[Watchdog] Palmyra Pizzeria: shouldBeOpen=true, currentStatus=true
[OpeningHours] Slot 11:00-22:00 isWithin: false
[Watchdog] MATGO: shouldBeOpen=false, currentStatus=false
[OpeningHours] Slot 00:00-00:00 isWithin: true
[Watchdog] Palmyra Pizzeria: shouldBeOpen=true, currentStatus=true
prisma:error Error in PostgreSQL connection: Error { kind: Closed, cause: None }
[OpeningHours] Slot 11:00-22:00 isWithin: false
[Watchdog] MATGO: shouldBeOpen=false, currentStatus=false
[OpeningHours] Slot 00:00-00:00 isWithin: true
[Watchdog] Palmyra Pizzeria: shouldBeOpen=true, currentStatus=true
[OpeningHours] Slot 11:00-22:00 isWithin: false
[Watchdog] MATGO: shouldBeOpen=false, currentStatus=false
[OpeningHours] Slot 00:00-00:00 isWithin: true
[Watchdog] Palmyra Pizzeria: shouldBeOpen=true, currentStatus=true
prisma:error Error in PostgreSQL connection: Error { kind: Closed, cause: None }
prisma:error 
Invalid `prisma_1.default.restaurant.findMany()` invocation in
/Users/jalle/testa/packages/api/dist/lib/restaurantStatus.js:13:63

  10 async function checkAllRestaurantsStatus() {
  11     // console.log('[Watchdog] Checking all restaurants status...');
  12     try {
→ 13         const restaurants = await prisma_1.default.restaurant.findMany(
Server has closed the connection.
[Watchdog] Error checking restaurant status: PrismaClientKnownRequestError: 
Invalid `prisma_1.default.restaurant.findMany()` invocation in
/Users/jalle/testa/packages/api/dist/lib/restaurantStatus.js:13:63

  10 async function checkAllRestaurantsStatus() {
  11     // console.log('[Watchdog] Checking all restaurants status...');
  12     try {
→ 13         const restaurants = await prisma_1.default.restaurant.findMany(
Server has closed the connection.
    at $n.handleRequestError (/Users/jalle/testa/node_modules/.pnpm/@prisma+client@5.22.0_prisma@5.22.0/node_modules/@prisma/client/runtime/library.js:121:7315)
    at $n.handleAndLogRequestError (/Users/jalle/testa/node_modules/.pnpm/@prisma+client@5.22.0_prisma@5.22.0/node_modules/@prisma/client/runtime/library.js:121:6623)
    at $n.request (/Users/jalle/testa/node_modules/.pnpm/@prisma+client@5.22.0_prisma@5.22.0/node_modules/@prisma/client/runtime/library.js:121:6307)
    at async l (/Users/jalle/testa/node_modules/.pnpm/@prisma+client@5.22.0_prisma@5.22.0/node_modules/@prisma/client/runtime/library.js:130:9633)
    at async checkAllRestaurantsStatus (/Users/jalle/testa/packages/api/dist/lib/restaurantStatus.js:13:29) {
  code: 'P1017',
  clientVersion: '5.22.0',
  meta: { modelName: 'Restaurant' }
}
[OpeningHours] Slot 11:00-22:00 isWithin: false
[Watchdog] MATGO: shouldBeOpen=false, currentStatus=false
[OpeningHours] Slot 00:00-00:00 isWithin: true
[Watchdog] Palmyra Pizzeria: shouldBeOpen=true, currentStatus=true
prisma:error Error in PostgreSQL connection: Error { kind: Closed, cause: None }
[OpeningHours] Slot 11:00-22:00 isWithin: false
[Watchdog] MATGO: shouldBeOpen=false, currentStatus=false
[OpeningHours] Slot 00:00-00:00 isWithin: true
[Watchdog] Palmyra Pizzeria: shouldBeOpen=true, currentStatus=true
prisma:error Error in PostgreSQL connection: Error { kind: Closed, cause: None }
[OpeningHours] Slot 11:00-22:00 isWithin: false
[Watchdog] MATGO: shouldBeOpen=false, currentStatus=false
[OpeningHours] Slot 00:00-00:00 isWithin: true
[Watchdog] Palmyra Pizzeria: shouldBeOpen=true, currentStatus=true
[OpeningHours] Slot 11:00-22:00 isWithin: false
[Watchdog] MATGO: shouldBeOpen=false, currentStatus=false
[OpeningHours] Slot 00:00-00:00 isWithin: true
[Watchdog] Palmyra Pizzeria: shouldBeOpen=true, currentStatus=true
prisma:error Error in PostgreSQL connection: Error { kind: Closed, cause: None }
[OpeningHours] Slot 11:00-22:00 isWithin: false
[Watchdog] MATGO: shouldBeOpen=false, currentStatus=false
[OpeningHours] Slot 00:00-00:00 isWithin: true
[Watchdog] Palmyra Pizzeria: shouldBeOpen=true, currentStatus=true
prisma:error Error in PostgreSQL connection: Error { kind: Closed, cause: None }
[OpeningHours] Slot 11:00-22:00 isWithin: false
[Watchdog] MATGO: shouldBeOpen=false, currentStatus=false
[OpeningHours] Slot 00:00-00:00 isWithin: true
[Watchdog] Palmyra Pizzeria: shouldBeOpen=true, currentStatus=true
prisma:error Error in PostgreSQL connection: Error { kind: Closed, cause: None }
[OpeningHours] Slot 11:00-22:00 isWithin: false
[Watchdog] MATGO: shouldBeOpen=false, currentStatus=false
[OpeningHours] Slot 00:00-00:00 isWithin: true
[Watchdog] Palmyra Pizzeria: shouldBeOpen=true, currentStatus=true
prisma:error Error in PostgreSQL connection: Error { kind: Closed, cause: None }
[OpeningHours] Slot 11:00-22:00 isWithin: false
[Watchdog] MATGO: shouldBeOpen=false, currentStatus=false
[OpeningHours] Slot 00:00-00:00 isWithin: true
[Watchdog] Palmyra Pizzeria: shouldBeOpen=true, currentStatus=true
prisma:error Error in PostgreSQL connection: Error { kind: Closed, cause: None }
[OpeningHours] Slot 11:00-22:00 isWithin: false
[Watchdog] MATGO: shouldBeOpen=false, currentStatus=false
[OpeningHours] Slot 00:00-00:00 isWithin: true
[Watchdog] Palmyra Pizzeria: shouldBeOpen=true, currentStatus=true
prisma:error Error in PostgreSQL connection: Error { kind: Closed, cause: None }
[OpeningHours] Slot 11:00-22:00 isWithin: false
[Watchdog] MATGO: shouldBeOpen=false, currentStatus=false
[OpeningHours] Slot 00:00-00:00 isWithin: true
[Watchdog] Palmyra Pizzeria: shouldBeOpen=true, currentStatus=true
prisma:error Error in PostgreSQL connection: Error { kind: Closed, cause: None }
[OpeningHours] Slot 11:00-22:00 isWithin: false
[Watchdog] MATGO: shouldBeOpen=false, currentStatus=false
[OpeningHours] Slot 00:00-00:00 isWithin: true
[Watchdog] Palmyra Pizzeria: shouldBeOpen=true, currentStatus=true
prisma:error Error in PostgreSQL connection: Error { kind: Closed, cause: None }
[OpeningHours] Slot 11:00-22:00 isWithin: false
[Watchdog] MATGO: shouldBeOpen=false, currentStatus=false
[OpeningHours] Slot 00:00-00:00 isWithin: true
[Watchdog] Palmyra Pizzeria: shouldBeOpen=true, currentStatus=true
prisma:error Error in PostgreSQL connection: Error { kind: Closed, cause: None }
[OpeningHours] Slot 11:00-22:00 isWithin: false
[Watchdog] MATGO: shouldBeOpen=false, currentStatus=false
[OpeningHours] Slot 00:00-00:00 isWithin: true
[Watchdog] Palmyra Pizzeria: shouldBeOpen=true, currentStatus=true
prisma:error 
Invalid `prisma_1.default.restaurant.findMany()` invocation in
/Users/jalle/testa/packages/api/dist/lib/restaurantStatus.js:13:63

  10 async function checkAllRestaurantsStatus() {
  11     // console.log('[Watchdog] Checking all restaurants status...');
  12     try {
→ 13         const restaurants = await prisma_1.default.restaurant.findMany(
Timed out fetching a new connection from the connection pool. More info: http://pris.ly/d/connection-pool (Current connection pool timeout: 10, connection limit: 17)
[Watchdog] Error checking restaurant status: PrismaClientKnownRequestError: 
Invalid `prisma_1.default.restaurant.findMany()` invocation in
/Users/jalle/testa/packages/api/dist/lib/restaurantStatus.js:13:63

  10 async function checkAllRestaurantsStatus() {
  11     // console.log('[Watchdog] Checking all restaurants status...');
  12     try {
→ 13         const restaurants = await prisma_1.default.restaurant.findMany(
Timed out fetching a new connection from the connection pool. More info: http://pris.ly/d/connection-pool (Current connection pool timeout: 10, connection limit: 17)
    at $n.handleRequestError (/Users/jalle/testa/node_modules/.pnpm/@prisma+client@5.22.0_prisma@5.22.0/node_modules/@prisma/client/runtime/library.js:121:7315)
    at $n.handleAndLogRequestError (/Users/jalle/testa/node_modules/.pnpm/@prisma+client@5.22.0_prisma@5.22.0/node_modules/@prisma/client/runtime/library.js:121:6623)
    at $n.request (/Users/jalle/testa/node_modules/.pnpm/@prisma+client@5.22.0_prisma@5.22.0/node_modules/@prisma/client/runtime/library.js:121:6307)
    at async l (/Users/jalle/testa/node_modules/.pnpm/@prisma+client@5.22.0_prisma@5.22.0/node_modules/@prisma/client/runtime/library.js:130:9633)
    at async checkAllRestaurantsStatus (/Users/jalle/testa/packages/api/dist/lib/restaurantStatus.js:13:29) {
  code: 'P2024',
  clientVersion: '5.22.0',
  meta: { modelName: 'Restaurant', connection_limit: 17, timeout: 10 }
}
[OpeningHours] Slot 11:00-22:00 isWithin: false
[Watchdog] MATGO: shouldBeOpen=false, currentStatus=false
[OpeningHours] Slot 00:00-00:00 isWithin: true
[Watchdog] Palmyra Pizzeria: shouldBeOpen=true, currentStatus=true
prisma:error Error in PostgreSQL connection: Error { kind: Closed, cause: None }
prisma:error Error in PostgreSQL connection: Error { kind: Closed, cause: None }
[OpeningHours] Slot 11:00-22:00 isWithin: false
[Watchdog] MATGO: shouldBeOpen=false, currentStatus=false
[OpeningHours] Slot 00:00-00:00 isWithin: true
[Watchdog] Palmyra Pizzeria: shouldBeOpen=true, currentStatus=true
prisma:error Error in PostgreSQL connection: Error { kind: Closed, cause: None }
[OpeningHours] Slot 11:00-22:00 isWithin: false
[Watchdog] MATGO: shouldBeOpen=false, currentStatus=false
[OpeningHours] Slot 00:00-00:00 isWithin: true
[Watchdog] Palmyra Pizzeria: shouldBeOpen=true, currentStatus=true
prisma:error Error in PostgreSQL connection: Error { kind: Closed, cause: None }
[OpeningHours] Slot 11:00-22:00 isWithin: false
[Watchdog] MATGO: shouldBeOpen=false, currentStatus=false
[OpeningHours] Slot 00:00-00:00 isWithin: true
[Watchdog] Palmyra Pizzeria: shouldBeOpen=true, currentStatus=true
[OpeningHours] Slot 11:00-22:00 isWithin: false
[Watchdog] MATGO: shouldBeOpen=false, currentStatus=false
[OpeningHours] Slot 00:00-00:00 isWithin: true
[Watchdog] Palmyra Pizzeria: shouldBeOpen=true, currentStatus=true
prisma:error Error in PostgreSQL connection: Error { kind: Closed, cause: None }
[OpeningHours] Slot 11:00-22:00 isWithin: false
[Watchdog] MATGO: shouldBeOpen=false, currentStatus=false
[OpeningHours] Slot 00:00-00:00 isWithin: true
[Watchdog] Palmyra Pizzeria: shouldBeOpen=true, currentStatus=true
prisma:error 
Invalid `prisma_1.default.restaurant.findMany()` invocation in
/Users/jalle/testa/packages/api/dist/lib/restaurantStatus.js:13:63

  10 async function checkAllRestaurantsStatus() {
  11     // console.log('[Watchdog] Checking all restaurants status...');
  12     try {
→ 13         const restaurants = await prisma_1.default.restaurant.findMany(
Timed out fetching a new connection from the connection pool. More info: http://pris.ly/d/connection-pool (Current connection pool timeout: 10, connection limit: 17)
[Watchdog] Error checking restaurant status: PrismaClientKnownRequestError: 
Invalid `prisma_1.default.restaurant.findMany()` invocation in
/Users/jalle/testa/packages/api/dist/lib/restaurantStatus.js:13:63

  10 async function checkAllRestaurantsStatus() {
  11     // console.log('[Watchdog] Checking all restaurants status...');
  12     try {
→ 13         const restaurants = await prisma_1.default.restaurant.findMany(
Timed out fetching a new connection from the connection pool. More info: http://pris.ly/d/connection-pool (Current connection pool timeout: 10, connection limit: 17)
    at $n.handleRequestError (/Users/jalle/testa/node_modules/.pnpm/@prisma+client@5.22.0_prisma@5.22.0/node_modules/@prisma/client/runtime/library.js:121:7315)
    at $n.handleAndLogRequestError (/Users/jalle/testa/node_modules/.pnpm/@prisma+client@5.22.0_prisma@5.22.0/node_modules/@prisma/client/runtime/library.js:121:6623)
    at $n.request (/Users/jalle/testa/node_modules/.pnpm/@prisma+client@5.22.0_prisma@5.22.0/node_modules/@prisma/client/runtime/library.js:121:6307)
    at async l (/Users/jalle/testa/node_modules/.pnpm/@prisma+client@5.22.0_prisma@5.22.0/node_modules/@prisma/client/runtime/library.js:130:9633)
    at async checkAllRestaurantsStatus (/Users/jalle/testa/packages/api/dist/lib/restaurantStatus.js:13:29) {
  code: 'P2024',
  clientVersion: '5.22.0',
  meta: { modelName: 'Restaurant', connection_limit: 17, timeout: 10 }
}
[OpeningHours] Slot 11:00-22:00 isWithin: false
[Watchdog] MATGO: shouldBeOpen=false, currentStatus=false
[OpeningHours] Slot 00:00-00:00 isWithin: true
[Watchdog] Palmyra Pizzeria: shouldBeOpen=true, currentStatus=true
prisma:error Error in PostgreSQL connection: Error { kind: Closed, cause: None }
[OpeningHours] Slot 11:00-22:00 isWithin: false
[Watchdog] MATGO: shouldBeOpen=false, currentStatus=false
[OpeningHours] Slot 00:00-00:00 isWithin: true
[Watchdog] Palmyra Pizzeria: shouldBeOpen=true, currentStatus=true
prisma:error Error in PostgreSQL connection: Error { kind: Closed, cause: None }
prisma:error Error in PostgreSQL connection: Error { kind: Closed, cause: None }
[OpeningHours] Slot 11:00-22:00 isWithin: false
[Watchdog] MATGO: shouldBeOpen=false, currentStatus=false
[OpeningHours] Slot 00:00-00:00 isWithin: true
[Watchdog] Palmyra Pizzeria: shouldBeOpen=true, currentStatus=true
prisma:error Error in PostgreSQL connection: Error { kind: Closed, cause: None }
[OpeningHours] Slot 11:00-22:00 isWithin: false
[Watchdog] MATGO: shouldBeOpen=false, currentStatus=false
[OpeningHours] Slot 00:00-00:00 isWithin: true
[Watchdog] Palmyra Pizzeria: shouldBeOpen=true, currentStatus=true
prisma:error Error in PostgreSQL connection: Error { kind: Closed, cause: None }
[OpeningHours] Slot 11:00-22:00 isWithin: false
[Watchdog] MATGO: shouldBeOpen=false, currentStatus=false
[OpeningHours] Slot 00:00-00:00 isWithin: true
[Watchdog] Palmyra Pizzeria: shouldBeOpen=true, currentStatus=true
prisma:error Error in PostgreSQL connection: Error { kind: Closed, cause: None }
[OpeningHours] Slot 11:00-22:00 isWithin: true
[Watchdog] MATGO: shouldBeOpen=true, currentStatus=false
[Watchdog] !!! STATUS MISMATCH for MATGO: Changing false -> true
[OpeningHours] Slot 11:00-22:00 isWithin: true
[Watchdog] MATGO: shouldBeOpen=true, currentStatus=false
[Watchdog] !!! STATUS MISMATCH for MATGO: Changing false -> true
[OpeningHours] Slot 00:00-00:00 isWithin: true
[Watchdog] Palmyra Pizzeria: shouldBeOpen=true, currentStatus=true
[OpeningHours] Slot 00:00-00:00 isWithin: true
[Watchdog] Palmyra Pizzeria: shouldBeOpen=true, currentStatus=true
prisma:error Error in PostgreSQL connection: Error { kind: Closed, cause: None }
[OpeningHours] Slot 11:00-22:00 isWithin: true
[Watchdog] MATGO: shouldBeOpen=true, currentStatus=true
[OpeningHours] Slot 00:00-00:00 isWithin: true
[Watchdog] Palmyra Pizzeria: shouldBeOpen=true, currentStatus=true
🧹 Starting daily database cleanup...
prisma:error Error in PostgreSQL connection: Error { kind: Closed, cause: None }
prisma:error Error in PostgreSQL connection: Error { kind: Closed, cause: None }
[OpeningHours] Slot 11:00-22:00 isWithin: true
[Watchdog] MATGO: shouldBeOpen=true, currentStatus=true
[OpeningHours] Slot 00:00-00:00 isWithin: true
[Watchdog] Palmyra Pizzeria: shouldBeOpen=true, currentStatus=true
✨ Cleanup complete.
[OpeningHours] Slot 11:00-22:00 isWithin: true
[Watchdog] MATGO: shouldBeOpen=true, currentStatus=true
[OpeningHours] Slot 00:00-00:00 isWithin: true
[Watchdog] Palmyra Pizzeria: shouldBeOpen=true, currentStatus=true
prisma:error Error in PostgreSQL connection: Error { kind: Closed, cause: None }
[OpeningHours] Slot 11:00-22:00 isWithin: true
[Watchdog] MATGO: shouldBeOpen=true, currentStatus=true
[OpeningHours] Slot 00:00-00:00 isWithin: true
[Watchdog] Palmyra Pizzeria: shouldBeOpen=true, currentStatus=true
prisma:error Error in PostgreSQL connection: Error { kind: Closed, cause: None }
[OpeningHours] Slot 11:00-22:00 isWithin: true
[Watchdog] MATGO: shouldBeOpen=true, currentStatus=true
[OpeningHours] Slot 00:00-00:00 isWithin: true
[Watchdog] Palmyra Pizzeria: shouldBeOpen=true, currentStatus=true
❌ Client disconnected: 1xxNqT33ll5ORhP1AAAh
prisma:error Error in PostgreSQL connection: Error { kind: Closed, cause: None }
[OpeningHours] Slot 11:00-22:00 isWithin: true
[Watchdog] MATGO: shouldBeOpen=true, currentStatus=true
[OpeningHours] Slot 00:00-00:00 isWithin: true
[Watchdog] Palmyra Pizzeria: shouldBeOpen=true, currentStatus=true
🔌 Client connected: nHPJ2iJC-ZqJ2cdkAAAj
prisma:error Error in PostgreSQL connection: Error { kind: Closed, cause: None }
👮 Restaurant admin joined room cmnxhfd1z000110wjrhizs4nh: nHPJ2iJC-ZqJ2cdkAAAj
👮 Restaurant admin joined room cmnxhfd1z000110wjrhizs4nh: nHPJ2iJC-ZqJ2cdkAAAj
prisma:error Error in PostgreSQL connection: Error { kind: Closed, cause: None }
prisma:error Error in PostgreSQL connection: Error { kind: Closed, cause: None }
prisma:error Error in PostgreSQL connection: Error { kind: Closed, cause: None }
[OpeningHours] Slot 11:00-22:00 isWithin: true
[Watchdog] MATGO: shouldBeOpen=true, currentStatus=true
[OpeningHours] Slot 00:00-00:00 isWithin: true
[Watchdog] Palmyra Pizzeria: shouldBeOpen=true, currentStatus=true
prisma:error Error in PostgreSQL connection: Error { kind: Closed, cause: None }
[OpeningHours] Slot 11:00-22:00 isWithin: true
[Watchdog] MATGO: shouldBeOpen=true, currentStatus=true
[OpeningHours] Slot 00:00-00:00 isWithin: true
[Watchdog] Palmyra Pizzeria: shouldBeOpen=true, currentStatus=true
prisma:error Error in PostgreSQL connection: Error { kind: Closed, cause: None }
[OpeningHours] Slot 11:00-22:00 isWithin: true
[Watchdog] MATGO: shouldBeOpen=true, currentStatus=true
[OpeningHours] Slot 00:00-00:00 isWithin: true
[Watchdog] Palmyra Pizzeria: shouldBeOpen=true, currentStatus=true
prisma:error Error in PostgreSQL connection: Error { kind: Closed, cause: None }
[OpeningHours] Slot 11:00-22:00 isWithin: true
[Watchdog] MATGO: shouldBeOpen=true, currentStatus=true
[OpeningHours] Slot 00:00-00:00 isWithin: true
[Watchdog] Palmyra Pizzeria: shouldBeOpen=true, currentStatus=true
❌ Client disconnected: nHPJ2iJC-ZqJ2cdkAAAj
prisma:error Error in PostgreSQL connection: Error { kind: Closed, cause: None }
prisma:error 
Invalid `prisma_1.default.restaurant.findMany()` invocation in
/Users/jalle/testa/packages/api/dist/lib/restaurantStatus.js:13:63

  10 async function checkAllRestaurantsStatus() {
  11     // console.log('[Watchdog] Checking all restaurants status...');
  12     try {
→ 13         const restaurants = await prisma_1.default.restaurant.findMany(
Server has closed the connection.
[Watchdog] Error checking restaurant status: PrismaClientKnownRequestError: 
Invalid `prisma_1.default.restaurant.findMany()` invocation in
/Users/jalle/testa/packages/api/dist/lib/restaurantStatus.js:13:63

  10 async function checkAllRestaurantsStatus() {
  11     // console.log('[Watchdog] Checking all restaurants status...');
  12     try {
→ 13         const restaurants = await prisma_1.default.restaurant.findMany(
Server has closed the connection.
    at $n.handleRequestError (/Users/jalle/testa/node_modules/.pnpm/@prisma+client@5.22.0_prisma@5.22.0/node_modules/@prisma/client/runtime/library.js:121:7315)
    at $n.handleAndLogRequestError (/Users/jalle/testa/node_modules/.pnpm/@prisma+client@5.22.0_prisma@5.22.0/node_modules/@prisma/client/runtime/library.js:121:6623)
    at $n.request (/Users/jalle/testa/node_modules/.pnpm/@prisma+client@5.22.0_prisma@5.22.0/node_modules/@prisma/client/runtime/library.js:121:6307)
    at async l (/Users/jalle/testa/node_modules/.pnpm/@prisma+client@5.22.0_prisma@5.22.0/node_modules/@prisma/client/runtime/library.js:130:9633)
    at async checkAllRestaurantsStatus (/Users/jalle/testa/packages/api/dist/lib/restaurantStatus.js:13:29) {
  code: 'P1017',
  clientVersion: '5.22.0',
  meta: { modelName: 'Restaurant' }
}
🔌 Client connected: pWHZLjqSeKmq1QfeAAAl
👮 Restaurant admin joined room cmnxhfd1z000110wjrhizs4nh: pWHZLjqSeKmq1QfeAAAl
👮 Restaurant admin joined room cmnxhfd1z000110wjrhizs4nh: pWHZLjqSeKmq1QfeAAAl
prisma:error Error in PostgreSQL connection: Error { kind: Closed, cause: None }
[OpeningHours] Slot 11:00-22:00 isWithin: true
[Watchdog] MATGO: shouldBeOpen=true, currentStatus=true
[OpeningHours] Slot 00:00-00:00 isWithin: true
[Watchdog] Palmyra Pizzeria: shouldBeOpen=true, currentStatus=true
prisma:error Error in PostgreSQL connection: Error { kind: Closed, cause: None }
prisma:error Error in PostgreSQL connection: Error { kind: Closed, cause: None }
[OpeningHours] Slot 11:00-22:00 isWithin: true
[Watchdog] MATGO: shouldBeOpen=true, currentStatus=true
[OpeningHours] Slot 00:00-00:00 isWithin: true
[Watchdog] Palmyra Pizzeria: shouldBeOpen=true, currentStatus=true
prisma:error Error in PostgreSQL connection: Error { kind: Closed, cause: None }
[OpeningHours] Slot 11:00-22:00 isWithin: true
[Watchdog] MATGO: shouldBeOpen=true, currentStatus=true
[OpeningHours] Slot 00:00-00:00 isWithin: true
[Watchdog] Palmyra Pizzeria: shouldBeOpen=true, currentStatus=true
prisma:error Error in PostgreSQL connection: Error { kind: Closed, cause: None }
[OpeningHours] Slot 11:00-22:00 isWithin: true
[Watchdog] MATGO: shouldBeOpen=true, currentStatus=true
[OpeningHours] Slot 00:00-00:00 isWithin: true
[Watchdog] Palmyra Pizzeria: shouldBeOpen=true, currentStatus=true
prisma:error Error in PostgreSQL connection: Error { kind: Closed, cause: None }
[OpeningHours] Slot 11:00-22:00 isWithin: true
[Watchdog] MATGO: shouldBeOpen=true, currentStatus=true
[OpeningHours] Slot 00:00-00:00 isWithin: true
[Watchdog] Palmyra Pizzeria: shouldBeOpen=true, currentStatus=true
prisma:error Error in PostgreSQL connection: Error { kind: Closed, cause: None }
[OpeningHours] Slot 11:00-22:00 isWithin: true
[Watchdog] MATGO: shouldBeOpen=true, currentStatus=true
[OpeningHours] Slot 00:00-00:00 isWithin: true
[Watchdog] Palmyra Pizzeria: shouldBeOpen=true, currentStatus=true
prisma:error Error in PostgreSQL connection: Error { kind: Closed, cause: None }
[OpeningHours] Slot 11:00-22:00 isWithin: true
[Watchdog] MATGO: shouldBeOpen=true, currentStatus=true
[OpeningHours] Slot 00:00-00:00 isWithin: true
[Watchdog] Palmyra Pizzeria: shouldBeOpen=true, currentStatus=true
prisma:error Error in PostgreSQL connection: Error { kind: Closed, cause: None }
[OpeningHours] Slot 11:00-22:00 isWithin: true
[Watchdog] MATGO: shouldBeOpen=true, currentStatus=true
[OpeningHours] Slot 00:00-00:00 isWithin: true
[Watchdog] Palmyra Pizzeria: shouldBeOpen=true, currentStatus=true
prisma:error Error in PostgreSQL connection: Error { kind: Closed, cause: None }
[OpeningHours] Slot 11:00-22:00 isWithin: true
[Watchdog] MATGO: shouldBeOpen=true, currentStatus=true
[OpeningHours] Slot 00:00-00:00 isWithin: true
[Watchdog] Palmyra Pizzeria: shouldBeOpen=true, currentStatus=true
prisma:error Error in PostgreSQL connection: Error { kind: Closed, cause: None }
[OpeningHours] Slot 11:00-22:00 isWithin: true
[Watchdog] MATGO: shouldBeOpen=true, currentStatus=true
[OpeningHours] Slot 00:00-00:00 isWithin: true
[Watchdog] Palmyra Pizzeria: shouldBeOpen=true, currentStatus=true
prisma:error Error in PostgreSQL connection: Error { kind: Closed, cause: None }
[OpeningHours] Slot 11:00-22:00 isWithin: true
[Watchdog] MATGO: shouldBeOpen=true, currentStatus=true
[OpeningHours] Slot 00:00-00:00 isWithin: true
[Watchdog] Palmyra Pizzeria: shouldBeOpen=true, currentStatus=true
❌ Client disconnected: pWHZLjqSeKmq1QfeAAAl
🔌 Client connected: OULYv9caCX5MWRw5AAAn
👮 Restaurant admin joined room cmnxhfd1z000110wjrhizs4nh: OULYv9caCX5MWRw5AAAn
👮 Restaurant admin joined room cmnxhfd1z000110wjrhizs4nh: OULYv9caCX5MWRw5AAAn
prisma:error Error in PostgreSQL connection: Error { kind: Closed, cause: None }
[OpeningHours] Slot 11:00-22:00 isWithin: true
[Watchdog] MATGO: shouldBeOpen=true, currentStatus=true
[OpeningHours] Slot 00:00-00:00 isWithin: true
[Watchdog] Palmyra Pizzeria: shouldBeOpen=true, currentStatus=true
prisma:error Error in PostgreSQL connection: Error { kind: Closed, cause: None }
[OpeningHours] Slot 11:00-22:00 isWithin: true
[Watchdog] MATGO: shouldBeOpen=true, currentStatus=true
[OpeningHours] Slot 00:00-00:00 isWithin: true
[Watchdog] Palmyra Pizzeria: shouldBeOpen=true, currentStatus=true
prisma:error Error in PostgreSQL connection: Error { kind: Closed, cause: None }
[OpeningHours] Slot 11:00-22:00 isWithin: true
[Watchdog] MATGO: shouldBeOpen=true, currentStatus=true
[OpeningHours] Slot 00:00-00:00 isWithin: true
[Watchdog] Palmyra Pizzeria: shouldBeOpen=true, currentStatus=true
prisma:error Error in PostgreSQL connection: Error { kind: Closed, cause: None }
[OpeningHours] Slot 11:00-22:00 isWithin: true
[Watchdog] MATGO: shouldBeOpen=true, currentStatus=true
[OpeningHours] Slot 00:00-00:00 isWithin: true
[Watchdog] Palmyra Pizzeria: shouldBeOpen=true, currentStatus=true
prisma:error Error in PostgreSQL connection: Error { kind: Closed, cause: None }
[OpeningHours] Slot 11:00-22:00 isWithin: true
[Watchdog] MATGO: shouldBeOpen=true, currentStatus=true
[OpeningHours] Slot 00:00-00:00 isWithin: true
[Watchdog] Palmyra Pizzeria: shouldBeOpen=true, currentStatus=true
prisma:error Error in PostgreSQL connection: Error { kind: Closed, cause: None }
[OpeningHours] Slot 11:00-22:00 isWithin: true
[Watchdog] MATGO: shouldBeOpen=true, currentStatus=true
[OpeningHours] Slot 00:00-00:00 isWithin: true
[Watchdog] Palmyra Pizzeria: shouldBeOpen=true, currentStatus=true
prisma:error Error in PostgreSQL connection: Error { kind: Closed, cause: None }
[OpeningHours] Slot 11:00-22:00 isWithin: true
[Watchdog] MATGO: shouldBeOpen=true, currentStatus=true
[OpeningHours] Slot 00:00-00:00 isWithin: true
[Watchdog] Palmyra Pizzeria: shouldBeOpen=true, currentStatus=true
prisma:error Error in PostgreSQL connection: Error { kind: Closed, cause: None }
[OpeningHours] Slot 11:00-22:00 isWithin: true
[Watchdog] MATGO: shouldBeOpen=true, currentStatus=true
[OpeningHours] Slot 00:00-00:00 isWithin: true
[Watchdog] Palmyra Pizzeria: shouldBeOpen=true, currentStatus=true
prisma:error Error in PostgreSQL connection: Error { kind: Closed, cause: None }
[OpeningHours] Slot 11:00-22:00 isWithin: true
[Watchdog] MATGO: shouldBeOpen=true, currentStatus=true
[OpeningHours] Slot 00:00-00:00 isWithin: true
[Watchdog] Palmyra Pizzeria: shouldBeOpen=true, currentStatus=true
prisma:error Error in PostgreSQL connection: Error { kind: Closed, cause: None }
[OpeningHours] Slot 11:00-22:00 isWithin: true
[Watchdog] MATGO: shouldBeOpen=true, currentStatus=true
[OpeningHours] Slot 00:00-00:00 isWithin: true
[Watchdog] Palmyra Pizzeria: shouldBeOpen=true, currentStatus=true
prisma:error Error in PostgreSQL connection: Error { kind: Closed, cause: None }
[OpeningHours] Slot 11:00-22:00 isWithin: true
[Watchdog] MATGO: shouldBeOpen=true, currentStatus=true
[OpeningHours] Slot 00:00-00:00 isWithin: true
[Watchdog] Palmyra Pizzeria: shouldBeOpen=true, currentStatus=true
prisma:error Error in PostgreSQL connection: Error { kind: Closed, cause: None }
[OpeningHours] Slot 11:00-22:00 isWithin: false
[Watchdog] MATGO: shouldBeOpen=false, currentStatus=false
[OpeningHours] Slot 00:00-00:00 isWithin: true
[Watchdog] Palmyra Pizzeria: shouldBeOpen=true, currentStatus=true
prisma:error Error in PostgreSQL connection: Error { kind: Closed, cause: None }
[OpeningHours] Slot 11:00-22:00 isWithin: false
[Watchdog] MATGO: shouldBeOpen=false, currentStatus=false
[OpeningHours] Slot 00:00-00:00 isWithin: true
[Watchdog] Palmyra Pizzeria: shouldBeOpen=true, currentStatus=true
[OpeningHours] Slot 00:00-00:00 isWithin: true
[OpeningHours] Slot 11:00-22:00 isWithin: false
[Watchdog] MATGO: shouldBeOpen=false, currentStatus=false
[OpeningHours] Slot 00:00-00:00 isWithin: true
[Watchdog] Palmyra Pizzeria: shouldBeOpen=true, currentStatus=true
[OpeningHours] Slot 11:00-22:00 isWithin: false
[Watchdog] MATGO: shouldBeOpen=false, currentStatus=false
[OpeningHours] Slot 00:00-00:00 isWithin: true
[Watchdog] Palmyra Pizzeria: shouldBeOpen=true, currentStatus=true
[OpeningHours] Slot 11:00-22:00 isWithin: false
[Watchdog] MATGO: shouldBeOpen=false, currentStatus=false
[OpeningHours] Slot 00:00-00:00 isWithin: true
[Watchdog] Palmyra Pizzeria: shouldBeOpen=true, currentStatus=true
[OpeningHours] Slot 11:00-22:00 isWithin: false
[Watchdog] MATGO: shouldBeOpen=false, currentStatus=false
[OpeningHours] Slot 00:00-00:00 isWithin: true
[Watchdog] Palmyra Pizzeria: shouldBeOpen=true, currentStatus=true
[OpeningHours] Slot 11:00-22:00 isWithin: false
[Watchdog] MATGO: shouldBeOpen=false, currentStatus=false
[OpeningHours] Slot 00:00-00:00 isWithin: true
[Watchdog] Palmyra Pizzeria: shouldBeOpen=true, currentStatus=true
[OpeningHours] Slot 11:00-22:00 isWithin: false
[Watchdog] MATGO: shouldBeOpen=false, currentStatus=false
[OpeningHours] Slot 00:00-00:00 isWithin: true
[Watchdog] Palmyra Pizzeria: shouldBeOpen=true, currentStatus=true
[OpeningHours] Slot 11:00-22:00 isWithin: false
[Watchdog] MATGO: shouldBeOpen=false, currentStatus=false
[OpeningHours] Slot 00:00-00:00 isWithin: true
[Watchdog] Palmyra Pizzeria: shouldBeOpen=true, currentStatus=true
[OpeningHours] Slot 11:00-22:00 isWithin: false
[Watchdog] MATGO: shouldBeOpen=false, currentStatus=false
[OpeningHours] Slot 00:00-00:00 isWithin: true
[Watchdog] Palmyra Pizzeria: shouldBeOpen=true, currentStatus=true
❌ Client disconnected: OULYv9caCX5MWRw5AAAn
🔌 Client connected: j6Mxqu4-12KU4IbaAAAp
👮 Restaurant admin joined room cmnxhfd1z000110wjrhizs4nh: j6Mxqu4-12KU4IbaAAAp
👮 Restaurant admin joined room cmnxhfd1z000110wjrhizs4nh: j6Mxqu4-12KU4IbaAAAp
[OpeningHours] Slot 00:00-00:00 isWithin: true
[OpeningHours] Slot 11:00-22:00 isWithin: false
[Watchdog] MATGO: shouldBeOpen=false, currentStatus=false
[OpeningHours] Slot 00:00-00:00 isWithin: true
[Watchdog] Palmyra Pizzeria: shouldBeOpen=true, currentStatus=true
[OpeningHours] Slot 11:00-22:00 isWithin: false
[Watchdog] MATGO: shouldBeOpen=false, currentStatus=false
[OpeningHours] Slot 00:00-00:00 isWithin: true
[Watchdog] Palmyra Pizzeria: shouldBeOpen=true, currentStatus=true
[OpeningHours] Slot 11:00-22:00 isWithin: false
[Watchdog] MATGO: shouldBeOpen=false, currentStatus=false
[OpeningHours] Slot 00:00-00:00 isWithin: true
[Watchdog] Palmyra Pizzeria: shouldBeOpen=true, currentStatus=true
[OpeningHours] Slot 11:00-22:00 isWithin: false
[Watchdog] MATGO: shouldBeOpen=false, currentStatus=false
[OpeningHours] Slot 00:00-00:00 isWithin: true
[Watchdog] Palmyra Pizzeria: shouldBeOpen=true, currentStatus=true
❌ Client disconnected: j6Mxqu4-12KU4IbaAAAp
🔌 Client connected: FQwnMpmOBL3K8qv6AAAr
👮 Restaurant admin joined room cmnxhfd1z000110wjrhizs4nh: FQwnMpmOBL3K8qv6AAAr
👮 Restaurant admin joined room cmnxhfd1z000110wjrhizs4nh: FQwnMpmOBL3K8qv6AAAr
[OpeningHours] Slot 00:00-00:00 isWithin: true
[OpeningHours] Slot 11:00-22:00 isWithin: false
[Watchdog] MATGO: shouldBeOpen=false, currentStatus=false
[OpeningHours] Slot 00:00-00:00 isWithin: true
[Watchdog] Palmyra Pizzeria: shouldBeOpen=true, currentStatus=true
[OpeningHours] Slot 11:00-22:00 isWithin: false
[Watchdog] MATGO: shouldBeOpen=false, currentStatus=false
[OpeningHours] Slot 00:00-00:00 isWithin: true
[Watchdog] Palmyra Pizzeria: shouldBeOpen=true, currentStatus=true
[OpeningHours] Slot 11:00-22:00 isWithin: false
[Watchdog] MATGO: shouldBeOpen=false, currentStatus=false
[OpeningHours] Slot 00:00-00:00 isWithin: true
[Watchdog] Palmyra Pizzeria: shouldBeOpen=true, currentStatus=true
[OpeningHours] Slot 11:00-22:00 isWithin: false
[Watchdog] MATGO: shouldBeOpen=false, currentStatus=false
[OpeningHours] Slot 00:00-00:00 isWithin: true
[Watchdog] Palmyra Pizzeria: shouldBeOpen=true, currentStatus=true
[OpeningHours] Slot 11:00-22:00 isWithin: false
[Watchdog] MATGO: shouldBeOpen=false, currentStatus=false
[OpeningHours] Slot 00:00-00:00 isWithin: true
[Watchdog] Palmyra Pizzeria: shouldBeOpen=true, currentStatus=true
[OpeningHours] Slot 11:00-22:00 isWithin: false
[Watchdog] MATGO: shouldBeOpen=false, currentStatus=false
[OpeningHours] Slot 00:00-00:00 isWithin: true
[Watchdog] Palmyra Pizzeria: shouldBeOpen=true, currentStatus=true
[OpeningHours] Slot 11:00-22:00 isWithin: false
[Watchdog] MATGO: shouldBeOpen=false, currentStatus=false
[OpeningHours] Slot 00:00-00:00 isWithin: true
[Watchdog] Palmyra Pizzeria: shouldBeOpen=true, currentStatus=true
❌ Client disconnected: FQwnMpmOBL3K8qv6AAAr
🔌 Client connected: NY6ruYkV8oDGQGn7AAAt
👮 Restaurant admin joined room cmnxhfd1z000110wjrhizs4nh: NY6ruYkV8oDGQGn7AAAt
👮 Restaurant admin joined room cmnxhfd1z000110wjrhizs4nh: NY6ruYkV8oDGQGn7AAAt
[OpeningHours] Slot 00:00-00:00 isWithin: true
[OpeningHours] Slot 11:00-22:00 isWithin: false
[Watchdog] MATGO: shouldBeOpen=false, currentStatus=false
[OpeningHours] Slot 00:00-00:00 isWithin: true
[Watchdog] Palmyra Pizzeria: shouldBeOpen=true, currentStatus=true
[OpeningHours] Slot 11:00-22:00 isWithin: false
[Watchdog] MATGO: shouldBeOpen=false, currentStatus=false
[OpeningHours] Slot 00:00-00:00 isWithin: true
[Watchdog] Palmyra Pizzeria: shouldBeOpen=true, currentStatus=true
[OpeningHours] Slot 11:00-22:00 isWithin: false
[Watchdog] MATGO: shouldBeOpen=false, currentStatus=false
[OpeningHours] Slot 00:00-00:00 isWithin: true
[Watchdog] Palmyra Pizzeria: shouldBeOpen=true, currentStatus=true
[OpeningHours] Slot 11:00-22:00 isWithin: false
[Watchdog] MATGO: shouldBeOpen=false, currentStatus=false
[OpeningHours] Slot 00:00-00:00 isWithin: true
[Watchdog] Palmyra Pizzeria: shouldBeOpen=true, currentStatus=true
[OpeningHours] Slot 11:00-22:00 isWithin: false
[Watchdog] MATGO: shouldBeOpen=false, currentStatus=false
[OpeningHours] Slot 00:00-00:00 isWithin: true
[Watchdog] Palmyra Pizzeria: shouldBeOpen=true, currentStatus=true
❌ Client disconnected: NY6ruYkV8oDGQGn7AAAt
🔌 Client connected: 1nOUPt83btjy7egLAAAv
👮 Restaurant admin joined room cmnxhfd1z000110wjrhizs4nh: 1nOUPt83btjy7egLAAAv
👮 Restaurant admin joined room cmnxhfd1z000110wjrhizs4nh: 1nOUPt83btjy7egLAAAv
[OpeningHours] Slot 00:00-00:00 isWithin: true
[OpeningHours] Slot 11:00-22:00 isWithin: false
[Watchdog] MATGO: shouldBeOpen=false, currentStatus=false
[OpeningHours] Slot 00:00-00:00 isWithin: true
[Watchdog] Palmyra Pizzeria: shouldBeOpen=true, currentStatus=true
[OpeningHours] Slot 00:00-00:00 isWithin: true
[OpeningHours] Slot 00:00-00:00 isWithin: true
[OpeningHours] Slot 00:00-00:00 isWithin: true
[OpeningHours] Slot 11:00-22:00 isWithin: false
[Watchdog] MATGO: shouldBeOpen=false, currentStatus=false
[OpeningHours] Slot 00:00-00:00 isWithin: true
[Watchdog] Palmyra Pizzeria: shouldBeOpen=true, currentStatus=true
[OpeningHours] Slot 11:00-22:00 isWithin: false
[Watchdog] MATGO: shouldBeOpen=false, currentStatus=false
[OpeningHours] Slot 00:00-00:00 isWithin: true
[Watchdog] Palmyra Pizzeria: shouldBeOpen=true, currentStatus=true
[OpeningHours] Slot 11:00-22:00 isWithin: false
[Watchdog] MATGO: shouldBeOpen=false, currentStatus=false
[OpeningHours] Slot 00:00-00:00 isWithin: true
[Watchdog] Palmyra Pizzeria: shouldBeOpen=true, currentStatus=true
[OpeningHours] Slot 11:00-22:00 isWithin: false
[Watchdog] MATGO: shouldBeOpen=false, currentStatus=false
[OpeningHours] Slot 00:00-00:00 isWithin: true
[Watchdog] Palmyra Pizzeria: shouldBeOpen=true, currentStatus=true
[OpeningHours] Slot 11:00-22:00 isWithin: false
[Watchdog] MATGO: shouldBeOpen=false, currentStatus=false
[OpeningHours] Slot 00:00-00:00 isWithin: true
[Watchdog] Palmyra Pizzeria: shouldBeOpen=true, currentStatus=true
[OpeningHours] Slot 11:00-22:00 isWithin: false
[Watchdog] MATGO: shouldBeOpen=false, currentStatus=false
[OpeningHours] Slot 00:00-00:00 isWithin: true
[Watchdog] Palmyra Pizzeria: shouldBeOpen=true, currentStatus=true
[OpeningHours] Slot 11:00-22:00 isWithin: false
[Watchdog] MATGO: shouldBeOpen=false, currentStatus=false
[OpeningHours] Slot 00:00-00:00 isWithin: true
[Watchdog] Palmyra Pizzeria: shouldBeOpen=true, currentStatus=true
❌ Client disconnected: 1nOUPt83btjy7egLAAAv
[OpeningHours] Slot 11:00-22:00 isWithin: false
[Watchdog] MATGO: shouldBeOpen=false, currentStatus=false
[OpeningHours] Slot 00:00-00:00 isWithin: true
[Watchdog] Palmyra Pizzeria: shouldBeOpen=true, currentStatus=true
🔌 Client connected: nwHXhWRd9ycDyQ5KAAAy
👮 Restaurant admin joined room cmnxhfd1z000110wjrhizs4nh: nwHXhWRd9ycDyQ5KAAAy
[OpeningHours] Slot 00:00-00:00 isWithin: true
[OpeningHours] Slot 00:00-00:00 isWithin: true
[OpeningHours] Slot 00:00-00:00 isWithin: true
[OpeningHours] Slot 11:00-22:00 isWithin: false
[Watchdog] MATGO: shouldBeOpen=false, currentStatus=false
[OpeningHours] Slot 00:00-00:00 isWithin: true
[Watchdog] Palmyra Pizzeria: shouldBeOpen=true, currentStatus=true
[OpeningHours] Slot 11:00-22:00 isWithin: false
[Watchdog] MATGO: shouldBeOpen=false, currentStatus=false
[OpeningHours] Slot 00:00-00:00 isWithin: true
[Watchdog] Palmyra Pizzeria: shouldBeOpen=true, currentStatus=true
[OpeningHours] Slot 11:00-22:00 isWithin: false
[Watchdog] MATGO: shouldBeOpen=false, currentStatus=false
[OpeningHours] Slot 00:00-00:00 isWithin: true
[Watchdog] Palmyra Pizzeria: shouldBeOpen=true, currentStatus=true
[OpeningHours] Slot 11:00-22:00 isWithin: false
[Watchdog] MATGO: shouldBeOpen=false, currentStatus=false
[OpeningHours] Slot 00:00-00:00 isWithin: true
[Watchdog] Palmyra Pizzeria: shouldBeOpen=true, currentStatus=true
❌ Client disconnected: nwHXhWRd9ycDyQ5KAAAy
🔌 Client connected: MJQ3YLoJvRST14nRAAA1
👮 Restaurant admin joined room cmnxhfd1z000110wjrhizs4nh: MJQ3YLoJvRST14nRAAA1
[OpeningHours] Slot 00:00-00:00 isWithin: true
[OpeningHours] Slot 00:00-00:00 isWithin: true
[OpeningHours] Slot 11:00-22:00 isWithin: false
[Watchdog] MATGO: shouldBeOpen=false, currentStatus=false
[OpeningHours] Slot 00:00-00:00 isWithin: true
[Watchdog] Palmyra Pizzeria: shouldBeOpen=true, currentStatus=true
[OpeningHours] Slot 11:00-22:00 isWithin: false
[Watchdog] MATGO: shouldBeOpen=false, currentStatus=false
[OpeningHours] Slot 00:00-00:00 isWithin: true
[Watchdog] Palmyra Pizzeria: shouldBeOpen=true, currentStatus=true
[OpeningHours] Slot 11:00-22:00 isWithin: false
[Watchdog] MATGO: shouldBeOpen=false, currentStatus=false
[OpeningHours] Slot 00:00-00:00 isWithin: true
[Watchdog] Palmyra Pizzeria: shouldBeOpen=true, currentStatus=true
[OpeningHours] Slot 11:00-22:00 isWithin: false
[Watchdog] MATGO: shouldBeOpen=false, currentStatus=false
[OpeningHours] Slot 00:00-00:00 isWithin: true
[Watchdog] Palmyra Pizzeria: shouldBeOpen=true, currentStatus=true
[OpeningHours] Slot 11:00-22:00 isWithin: false
[Watchdog] MATGO: shouldBeOpen=false, currentStatus=false
[OpeningHours] Slot 00:00-00:00 isWithin: true
[Watchdog] Palmyra Pizzeria: shouldBeOpen=true, currentStatus=true
[OpeningHours] Slot 00:00-00:00 isWithin: true
❌ Client disconnected: MJQ3YLoJvRST14nRAAA1
[OpeningHours] Slot 11:00-22:00 isWithin: false
[Watchdog] MATGO: shouldBeOpen=false, currentStatus=false
[OpeningHours] Slot 00:00-00:00 isWithin: true
[Watchdog] Palmyra Pizzeria: shouldBeOpen=true, currentStatus=true
🔌 Client connected: 6wGpB5QirVJkBR1-AAA6
👮 Restaurant admin joined room cmnxhfd1z000110wjrhizs4nh: 6wGpB5QirVJkBR1-AAA6
[OpeningHours] Slot 00:00-00:00 isWithin: true
[OpeningHours] Slot 00:00-00:00 isWithin: true
[OpeningHours] Slot 11:00-22:00 isWithin: false
[Watchdog] MATGO: shouldBeOpen=false, currentStatus=false
[OpeningHours] Slot 00:00-00:00 isWithin: true
[Watchdog] Palmyra Pizzeria: shouldBeOpen=true, currentStatus=true
❌ Client disconnected: 6wGpB5QirVJkBR1-AAA6
🔌 Client connected: 5k-B4SjAQ0Mp72ufAAA9
👮 Restaurant admin joined room cmnxhfd1z000110wjrhizs4nh: 5k-B4SjAQ0Mp72ufAAA9
[OpeningHours] Slot 00:00-00:00 isWithin: true
[OpeningHours] Slot 00:00-00:00 isWithin: true
[OpeningHours] Slot 11:00-22:00 isWithin: false
[Watchdog] MATGO: shouldBeOpen=false, currentStatus=false
[OpeningHours] Slot 00:00-00:00 isWithin: true
[Watchdog] Palmyra Pizzeria: shouldBeOpen=true, currentStatus=true
[OpeningHours] Slot 11:00-22:00 isWithin: false
[Watchdog] MATGO: shouldBeOpen=false, currentStatus=false
[OpeningHours] Slot 00:00-00:00 isWithin: true
[Watchdog] Palmyra Pizzeria: shouldBeOpen=true, currentStatus=true
[OpeningHours] Slot 11:00-22:00 isWithin: false
[Watchdog] MATGO: shouldBeOpen=false, currentStatus=false
[OpeningHours] Slot 00:00-00:00 isWithin: true
[Watchdog] Palmyra Pizzeria: shouldBeOpen=true, currentStatus=true
[OpeningHours] Slot 11:00-22:00 isWithin: false
[Watchdog] MATGO: shouldBeOpen=false, currentStatus=false
[OpeningHours] Slot 00:00-00:00 isWithin: true
[Watchdog] Palmyra Pizzeria: shouldBeOpen=true, currentStatus=true
[OpeningHours] Slot 11:00-22:00 isWithin: false
[Watchdog] MATGO: shouldBeOpen=false, currentStatus=false
[OpeningHours] Slot 00:00-00:00 isWithin: true
[Watchdog] Palmyra Pizzeria: shouldBeOpen=true, currentStatus=true
[OpeningHours] Slot 11:00-22:00 isWithin: false
[Watchdog] MATGO: shouldBeOpen=false, currentStatus=false
[OpeningHours] Slot 00:00-00:00 isWithin: true
[Watchdog] Palmyra Pizzeria: shouldBeOpen=true, currentStatus=true
[OpeningHours] Slot 11:00-22:00 isWithin: false
[Watchdog] MATGO: shouldBeOpen=false, currentStatus=false
[OpeningHours] Slot 00:00-00:00 isWithin: true
[Watchdog] Palmyra Pizzeria: shouldBeOpen=true, currentStatus=true
[OpeningHours] Slot 11:00-22:00 isWithin: false
[Watchdog] MATGO: shouldBeOpen=false, currentStatus=false
[OpeningHours] Slot 00:00-00:00 isWithin: true
[Watchdog] Palmyra Pizzeria: shouldBeOpen=true, currentStatus=true
[OpeningHours] Slot 11:00-22:00 isWithin: false
[Watchdog] MATGO: shouldBeOpen=false, currentStatus=false
[OpeningHours] Slot 00:00-00:00 isWithin: true
[Watchdog] Palmyra Pizzeria: shouldBeOpen=true, currentStatus=true
[OpeningHours] Slot 11:00-22:00 isWithin: false
[Watchdog] MATGO: shouldBeOpen=false, currentStatus=false
[OpeningHours] Slot 00:00-00:00 isWithin: true
[Watchdog] Palmyra Pizzeria: shouldBeOpen=true, currentStatus=true
[OpeningHours] Slot 11:00-22:00 isWithin: false
[Watchdog] MATGO: shouldBeOpen=false, currentStatus=false
[OpeningHours] Slot 00:00-00:00 isWithin: true
[Watchdog] Palmyra Pizzeria: shouldBeOpen=true, currentStatus=true
[OpeningHours] Slot 11:00-22:00 isWithin: false
[Watchdog] MATGO: shouldBeOpen=false, currentStatus=false
[OpeningHours] Slot 00:00-00:00 isWithin: true
[Watchdog] Palmyra Pizzeria: shouldBeOpen=true, currentStatus=true
[OpeningHours] Slot 11:00-22:00 isWithin: false
[Watchdog] MATGO: shouldBeOpen=false, currentStatus=false
[OpeningHours] Slot 00:00-00:00 isWithin: true
[Watchdog] Palmyra Pizzeria: shouldBeOpen=true, currentStatus=true
❌ Client disconnected: 5k-B4SjAQ0Mp72ufAAA9
🔌 Client connected: 7776QdnY8d6XtzprAABA
👮 Restaurant admin joined room cmnxhfd1z000110wjrhizs4nh: 7776QdnY8d6XtzprAABA
[OpeningHours] Slot 00:00-00:00 isWithin: true
[OpeningHours] Slot 11:00-22:00 isWithin: false
[Watchdog] MATGO: shouldBeOpen=false, currentStatus=false
[OpeningHours] Slot 00:00-00:00 isWithin: true
[Watchdog] Palmyra Pizzeria: shouldBeOpen=true, currentStatus=true
[OpeningHours] Slot 00:00-00:00 isWithin: true
❌ Client disconnected: 7776QdnY8d6XtzprAABA
🔌 Client connected: J7mUrRQcu6vN7UAlAABD
👮 Restaurant admin joined room cmnxhfd1z000110wjrhizs4nh: J7mUrRQcu6vN7UAlAABD
[OpeningHours] Slot 00:00-00:00 isWithin: true
[OpeningHours] Slot 00:00-00:00 isWithin: true
[OpeningHours] Slot 00:00-00:00 isWithin: true
[OpeningHours] Slot 00:00-00:00 isWithin: true
[OpeningHours] Slot 11:00-22:00 isWithin: false
[Watchdog] MATGO: shouldBeOpen=false, currentStatus=false
[OpeningHours] Slot 00:00-00:00 isWithin: true
[Watchdog] Palmyra Pizzeria: shouldBeOpen=true, currentStatus=true
[OpeningHours] Slot 00:00-00:00 isWithin: true
[OpeningHours] Slot 11:00-22:00 isWithin: false
[Watchdog] MATGO: shouldBeOpen=false, currentStatus=false
[OpeningHours] Slot 00:00-00:00 isWithin: true
[Watchdog] Palmyra Pizzeria: shouldBeOpen=true, currentStatus=true
❌ Client disconnected: J7mUrRQcu6vN7UAlAABD
🔌 Client connected: Y1lLgh3mbufY2r4gAABG
👮 Restaurant admin joined room cmnxhfd1z000110wjrhizs4nh: Y1lLgh3mbufY2r4gAABG
[OpeningHours] Slot 00:00-00:00 isWithin: true
[OpeningHours] Slot 00:00-00:00 isWithin: true
[OpeningHours] Slot 11:00-22:00 isWithin: false
[Watchdog] MATGO: shouldBeOpen=false, currentStatus=false
[OpeningHours] Slot 00:00-00:00 isWithin: true
[Watchdog] Palmyra Pizzeria: shouldBeOpen=true, currentStatus=true
[OpeningHours] Slot 11:00-22:00 isWithin: false
[Watchdog] MATGO: shouldBeOpen=false, currentStatus=false
[OpeningHours] Slot 00:00-00:00 isWithin: true
[Watchdog] Palmyra Pizzeria: shouldBeOpen=true, currentStatus=true
[OpeningHours] Slot 11:00-22:00 isWithin: false
[Watchdog] MATGO: shouldBeOpen=false, currentStatus=false
[OpeningHours] Slot 00:00-00:00 isWithin: true
[Watchdog] Palmyra Pizzeria: shouldBeOpen=true, currentStatus=true
[OpeningHours] Slot 11:00-22:00 isWithin: false
[Watchdog] MATGO: shouldBeOpen=false, currentStatus=false
[OpeningHours] Slot 00:00-00:00 isWithin: true
[Watchdog] Palmyra Pizzeria: shouldBeOpen=true, currentStatus=true
[OpeningHours] Slot 11:00-22:00 isWithin: false
[Watchdog] MATGO: shouldBeOpen=false, currentStatus=false
[OpeningHours] Slot 00:00-00:00 isWithin: true
[Watchdog] Palmyra Pizzeria: shouldBeOpen=true, currentStatus=true
[OpeningHours] Slot 11:00-22:00 isWithin: false
[Watchdog] MATGO: shouldBeOpen=false, currentStatus=false
[OpeningHours] Slot 00:00-00:00 isWithin: true
[Watchdog] Palmyra Pizzeria: shouldBeOpen=true, currentStatus=true
[OpeningHours] Slot 11:00-22:00 isWithin: false
[Watchdog] MATGO: shouldBeOpen=false, currentStatus=false
[OpeningHours] Slot 00:00-00:00 isWithin: true
[Watchdog] Palmyra Pizzeria: shouldBeOpen=true, currentStatus=true
[OpeningHours] Slot 11:00-22:00 isWithin: false
[Watchdog] MATGO: shouldBeOpen=false, currentStatus=false
[OpeningHours] Slot 00:00-00:00 isWithin: true
[Watchdog] Palmyra Pizzeria: shouldBeOpen=true, currentStatus=true
[OpeningHours] Slot 11:00-22:00 isWithin: false
[Watchdog] MATGO: shouldBeOpen=false, currentStatus=false
[OpeningHours] Slot 00:00-00:00 isWithin: true
[Watchdog] Palmyra Pizzeria: shouldBeOpen=true, currentStatus=true
[OpeningHours] Slot 11:00-22:00 isWithin: false
[Watchdog] MATGO: shouldBeOpen=false, currentStatus=false
[OpeningHours] Slot 00:00-00:00 isWithin: true
[Watchdog] Palmyra Pizzeria: shouldBeOpen=true, currentStatus=true
[OpeningHours] Slot 11:00-22:00 isWithin: false
[Watchdog] MATGO: shouldBeOpen=false, currentStatus=false
[OpeningHours] Slot 00:00-00:00 isWithin: true
[Watchdog] Palmyra Pizzeria: shouldBeOpen=true, currentStatus=true
[OpeningHours] Slot 11:00-22:00 isWithin: false
[Watchdog] MATGO: shouldBeOpen=false, currentStatus=false
[OpeningHours] Slot 00:00-00:00 isWithin: true
[Watchdog] Palmyra Pizzeria: shouldBeOpen=true, currentStatus=true
[OpeningHours] Slot 11:00-22:00 isWithin: false
[Watchdog] MATGO: shouldBeOpen=false, currentStatus=false
[OpeningHours] Slot 00:00-00:00 isWithin: true
[Watchdog] Palmyra Pizzeria: shouldBeOpen=true, currentStatus=true
[OpeningHours] Slot 11:00-22:00 isWithin: false
[Watchdog] MATGO: shouldBeOpen=false, currentStatus=false
[OpeningHours] Slot 00:00-00:00 isWithin: true
[Watchdog] Palmyra Pizzeria: shouldBeOpen=true, currentStatus=true
[OpeningHours] Slot 11:00-22:00 isWithin: false
[Watchdog] MATGO: shouldBeOpen=false, currentStatus=false
[OpeningHours] Slot 00:00-00:00 isWithin: true
[Watchdog] Palmyra Pizzeria: shouldBeOpen=true, currentStatus=true
[OpeningHours] Slot 11:00-22:00 isWithin: false
[Watchdog] MATGO: shouldBeOpen=false, currentStatus=false
[OpeningHours] Slot 00:00-00:00 isWithin: true
[Watchdog] Palmyra Pizzeria: shouldBeOpen=true, currentStatus=true
[OpeningHours] Slot 11:00-22:00 isWithin: false
[Watchdog] MATGO: shouldBeOpen=false, currentStatus=false
[OpeningHours] Slot 00:00-00:00 isWithin: true
[Watchdog] Palmyra Pizzeria: shouldBeOpen=true, currentStatus=true
[OpeningHours] Slot 11:00-22:00 isWithin: false
[Watchdog] MATGO: shouldBeOpen=false, currentStatus=false
[OpeningHours] Slot 00:00-00:00 isWithin: true
[Watchdog] Palmyra Pizzeria: shouldBeOpen=true, currentStatus=true
[OpeningHours] Slot 11:00-22:00 isWithin: false
[Watchdog] MATGO: shouldBeOpen=false, currentStatus=false
[OpeningHours] Slot 00:00-00:00 isWithin: true
[Watchdog] Palmyra Pizzeria: shouldBeOpen=true, currentStatus=true
[OpeningHours] Slot 11:00-22:00 isWithin: false
[Watchdog] MATGO: shouldBeOpen=false, currentStatus=false
[OpeningHours] Slot 00:00-00:00 isWithin: true
[Watchdog] Palmyra Pizzeria: shouldBeOpen=true, currentStatus=true
[OpeningHours] Slot 11:00-22:00 isWithin: false
[Watchdog] MATGO: shouldBeOpen=false, currentStatus=false
[OpeningHours] Slot 00:00-00:00 isWithin: true
[Watchdog] Palmyra Pizzeria: shouldBeOpen=true, currentStatus=true
[OpeningHours] Slot 11:00-22:00 isWithin: false
[Watchdog] MATGO: shouldBeOpen=false, currentStatus=false
[OpeningHours] Slot 00:00-00:00 isWithin: true
[Watchdog] Palmyra Pizzeria: shouldBeOpen=true, currentStatus=true
[OpeningHours] Slot 11:00-22:00 isWithin: false
[Watchdog] MATGO: shouldBeOpen=false, currentStatus=false
[OpeningHours] Slot 00:00-00:00 isWithin: true
[Watchdog] Palmyra Pizzeria: shouldBeOpen=true, currentStatus=true
[OpeningHours] Slot 11:00-22:00 isWithin: false
[Watchdog] MATGO: shouldBeOpen=false, currentStatus=false
[OpeningHours] Slot 00:00-00:00 isWithin: true
[Watchdog] Palmyra Pizzeria: shouldBeOpen=true, currentStatus=true
[OpeningHours] Slot 11:00-22:00 isWithin: false
[Watchdog] MATGO: shouldBeOpen=false, currentStatus=false
[OpeningHours] Slot 00:00-00:00 isWithin: true
[Watchdog] Palmyra Pizzeria: shouldBeOpen=true, currentStatus=true
[OpeningHours] Slot 11:00-22:00 isWithin: false
[Watchdog] MATGO: shouldBeOpen=false, currentStatus=false
[OpeningHours] Slot 00:00-00:00 isWithin: true
[Watchdog] Palmyra Pizzeria: shouldBeOpen=true, currentStatus=true
[OpeningHours] Slot 11:00-22:00 isWithin: false
[Watchdog] MATGO: shouldBeOpen=false, currentStatus=false
[OpeningHours] Slot 00:00-00:00 isWithin: true
[Watchdog] Palmyra Pizzeria: shouldBeOpen=true, currentStatus=true
[OpeningHours] Slot 11:00-22:00 isWithin: false
[Watchdog] MATGO: shouldBeOpen=false, currentStatus=false
[OpeningHours] Slot 00:00-00:00 isWithin: true
[Watchdog] Palmyra Pizzeria: shouldBeOpen=true, currentStatus=true
[OpeningHours] Slot 11:00-22:00 isWithin: false
[Watchdog] MATGO: shouldBeOpen=false, currentStatus=false
[OpeningHours] Slot 00:00-00:00 isWithin: true
[Watchdog] Palmyra Pizzeria: shouldBeOpen=true, currentStatus=true
[OpeningHours] Slot 11:00-22:00 isWithin: false
[Watchdog] MATGO: shouldBeOpen=false, currentStatus=false
[OpeningHours] Slot 00:00-00:00 isWithin: true
[Watchdog] Palmyra Pizzeria: shouldBeOpen=true, currentStatus=true
[OpeningHours] Slot 11:00-22:00 isWithin: false
[Watchdog] MATGO: shouldBeOpen=false, currentStatus=false
[OpeningHours] Slot 00:00-00:00 isWithin: true
[Watchdog] Palmyra Pizzeria: shouldBeOpen=true, currentStatus=true
[OpeningHours] Slot 11:00-22:00 isWithin: false
[Watchdog] MATGO: shouldBeOpen=false, currentStatus=false
[OpeningHours] Slot 00:00-00:00 isWithin: true
[Watchdog] Palmyra Pizzeria: shouldBeOpen=true, currentStatus=true
[OpeningHours] Slot 11:00-22:00 isWithin: false
[Watchdog] MATGO: shouldBeOpen=false, currentStatus=false
[OpeningHours] Slot 00:00-00:00 isWithin: true
[Watchdog] Palmyra Pizzeria: shouldBeOpen=true, currentStatus=true
[OpeningHours] Slot 11:00-22:00 isWithin: false
[Watchdog] MATGO: shouldBeOpen=false, currentStatus=false
[OpeningHours] Slot 00:00-00:00 isWithin: true
[Watchdog] Palmyra Pizzeria: shouldBeOpen=true, currentStatus=true
[OpeningHours] Slot 11:00-22:00 isWithin: false
[Watchdog] MATGO: shouldBeOpen=false, currentStatus=false
[OpeningHours] Slot 00:00-00:00 isWithin: true
[Watchdog] Palmyra Pizzeria: shouldBeOpen=true, currentStatus=true
[OpeningHours] Slot 11:00-22:00 isWithin: false
[Watchdog] MATGO: shouldBeOpen=false, currentStatus=false
[OpeningHours] Slot 00:00-00:00 isWithin: true
[Watchdog] Palmyra Pizzeria: shouldBeOpen=true, currentStatus=true
[OpeningHours] Slot 11:00-22:00 isWithin: false
[Watchdog] MATGO: shouldBeOpen=false, currentStatus=false
[OpeningHours] Slot 00:00-00:00 isWithin: true
[Watchdog] Palmyra Pizzeria: shouldBeOpen=true, currentStatus=true
[OpeningHours] Slot 11:00-22:00 isWithin: false
[Watchdog] MATGO: shouldBeOpen=false, currentStatus=false
[OpeningHours] Slot 00:00-00:00 isWithin: true
[Watchdog] Palmyra Pizzeria: shouldBeOpen=true, currentStatus=true
[OpeningHours] Slot 11:00-22:00 isWithin: false
[Watchdog] MATGO: shouldBeOpen=false, currentStatus=false
[OpeningHours] Slot 00:00-00:00 isWithin: true
[Watchdog] Palmyra Pizzeria: shouldBeOpen=true, currentStatus=true
[OpeningHours] Slot 11:00-22:00 isWithin: false
[Watchdog] MATGO: shouldBeOpen=false, currentStatus=false
[OpeningHours] Slot 00:00-00:00 isWithin: true
[Watchdog] Palmyra Pizzeria: shouldBeOpen=true, currentStatus=true
[OpeningHours] Slot 11:00-22:00 isWithin: false
[Watchdog] MATGO: shouldBeOpen=false, currentStatus=false
[OpeningHours] Slot 00:00-00:00 isWithin: true
[Watchdog] Palmyra Pizzeria: shouldBeOpen=true, currentStatus=true
[OpeningHours] Slot 11:00-22:00 isWithin: false
[Watchdog] MATGO: shouldBeOpen=false, currentStatus=false
[OpeningHours] Slot 00:00-00:00 isWithin: true
[Watchdog] Palmyra Pizzeria: shouldBeOpen=true, currentStatus=true
[OpeningHours] Slot 11:00-22:00 isWithin: false
[Watchdog] MATGO: shouldBeOpen=false, currentStatus=false
[OpeningHours] Slot 00:00-00:00 isWithin: true
[Watchdog] Palmyra Pizzeria: shouldBeOpen=true, currentStatus=true
[OpeningHours] Slot 11:00-22:00 isWithin: false
[Watchdog] MATGO: shouldBeOpen=false, currentStatus=false
[OpeningHours] Slot 00:00-00:00 isWithin: true
[Watchdog] Palmyra Pizzeria: shouldBeOpen=true, currentStatus=true
[OpeningHours] Slot 11:00-22:00 isWithin: false
[Watchdog] MATGO: shouldBeOpen=false, currentStatus=false
[OpeningHours] Slot 00:00-00:00 isWithin: true
[Watchdog] Palmyra Pizzeria: shouldBeOpen=true, currentStatus=true
[OpeningHours] Slot 11:00-22:00 isWithin: false
[Watchdog] MATGO: shouldBeOpen=false, currentStatus=false
[OpeningHours] Slot 00:00-00:00 isWithin: true
[Watchdog] Palmyra Pizzeria: shouldBeOpen=true, currentStatus=true
[OpeningHours] Slot 11:00-22:00 isWithin: false
[Watchdog] MATGO: shouldBeOpen=false, currentStatus=false
[OpeningHours] Slot 00:00-00:00 isWithin: true
[Watchdog] Palmyra Pizzeria: shouldBeOpen=true, currentStatus=true
[OpeningHours] Slot 11:00-22:00 isWithin: false
[Watchdog] MATGO: shouldBeOpen=false, currentStatus=false
[OpeningHours] Slot 00:00-00:00 isWithin: true
[Watchdog] Palmyra Pizzeria: shouldBeOpen=true, currentStatus=true
[OpeningHours] Slot 11:00-22:00 isWithin: false
[Watchdog] MATGO: shouldBeOpen=false, currentStatus=false
[OpeningHours] Slot 00:00-00:00 isWithin: true
[Watchdog] Palmyra Pizzeria: shouldBeOpen=true, currentStatus=true
[OpeningHours] Slot 11:00-22:00 isWithin: false
[Watchdog] MATGO: shouldBeOpen=false, currentStatus=false
[OpeningHours] Slot 00:00-00:00 isWithin: true
[Watchdog] Palmyra Pizzeria: shouldBeOpen=true, currentStatus=true
[OpeningHours] Slot 11:00-22:00 isWithin: false
[Watchdog] MATGO: shouldBeOpen=false, currentStatus=false
[OpeningHours] Slot 00:00-00:00 isWithin: true
[Watchdog] Palmyra Pizzeria: shouldBeOpen=true, currentStatus=true
[OpeningHours] Slot 11:00-22:00 isWithin: false
[Watchdog] MATGO: shouldBeOpen=false, currentStatus=false
[OpeningHours] Slot 00:00-00:00 isWithin: true
[Watchdog] Palmyra Pizzeria: shouldBeOpen=true, currentStatus=true
[OpeningHours] Slot 11:00-22:00 isWithin: false
[Watchdog] MATGO: shouldBeOpen=false, currentStatus=false
[OpeningHours] Slot 00:00-00:00 isWithin: true
[Watchdog] Palmyra Pizzeria: shouldBeOpen=true, currentStatus=true
[OpeningHours] Slot 11:00-22:00 isWithin: false
[Watchdog] MATGO: shouldBeOpen=false, currentStatus=false
[OpeningHours] Slot 00:00-00:00 isWithin: true
[Watchdog] Palmyra Pizzeria: shouldBeOpen=true, currentStatus=true
[OpeningHours] Slot 11:00-22:00 isWithin: false
[Watchdog] MATGO: shouldBeOpen=false, currentStatus=false
[OpeningHours] Slot 00:00-00:00 isWithin: true
[Watchdog] Palmyra Pizzeria: shouldBeOpen=true, currentStatus=true
[OpeningHours] Slot 11:00-22:00 isWithin: false
[Watchdog] MATGO: shouldBeOpen=false, currentStatus=false
[OpeningHours] Slot 00:00-00:00 isWithin: true
[Watchdog] Palmyra Pizzeria: shouldBeOpen=true, currentStatus=true
[OpeningHours] Slot 11:00-22:00 isWithin: false
[Watchdog] MATGO: shouldBeOpen=false, currentStatus=false
[OpeningHours] Slot 00:00-00:00 isWithin: true
[Watchdog] Palmyra Pizzeria: shouldBeOpen=true, currentStatus=true
[OpeningHours] Slot 11:00-22:00 isWithin: false
[Watchdog] MATGO: shouldBeOpen=false, currentStatus=false
[OpeningHours] Slot 00:00-00:00 isWithin: true
[Watchdog] Palmyra Pizzeria: shouldBeOpen=true, currentStatus=true
[OpeningHours] Slot 11:00-22:00 isWithin: false
[Watchdog] MATGO: shouldBeOpen=false, currentStatus=false
[OpeningHours] Slot 00:00-00:00 isWithin: true
[Watchdog] Palmyra Pizzeria: shouldBeOpen=true, currentStatus=true
[OpeningHours] Slot 11:00-22:00 isWithin: false
[Watchdog] MATGO: shouldBeOpen=false, currentStatus=false
[OpeningHours] Slot 00:00-00:00 isWithin: true
[Watchdog] Palmyra Pizzeria: shouldBeOpen=true, currentStatus=true
[OpeningHours] Slot 11:00-22:00 isWithin: false
[Watchdog] MATGO: shouldBeOpen=false, currentStatus=false
[OpeningHours] Slot 00:00-00:00 isWithin: true
[Watchdog] Palmyra Pizzeria: shouldBeOpen=true, currentStatus=true
[OpeningHours] Slot 11:00-22:00 isWithin: false
[Watchdog] MATGO: shouldBeOpen=false, currentStatus=false
[OpeningHours] Slot 00:00-00:00 isWithin: true
[Watchdog] Palmyra Pizzeria: shouldBeOpen=true, currentStatus=true
[OpeningHours] Slot 11:00-22:00 isWithin: false
[Watchdog] MATGO: shouldBeOpen=false, currentStatus=false
[OpeningHours] Slot 00:00-00:00 isWithin: true
[Watchdog] Palmyra Pizzeria: shouldBeOpen=true, currentStatus=true
[OpeningHours] Slot 11:00-22:00 isWithin: false
[Watchdog] MATGO: shouldBeOpen=false, currentStatus=false
[OpeningHours] Slot 00:00-00:00 isWithin: true
[Watchdog] Palmyra Pizzeria: shouldBeOpen=true, currentStatus=true
[OpeningHours] Slot 11:00-22:00 isWithin: false
[Watchdog] MATGO: shouldBeOpen=false, currentStatus=false
[OpeningHours] Slot 00:00-00:00 isWithin: true
[Watchdog] Palmyra Pizzeria: shouldBeOpen=true, currentStatus=true
[OpeningHours] Slot 11:00-22:00 isWithin: false
[Watchdog] MATGO: shouldBeOpen=false, currentStatus=false
[OpeningHours] Slot 00:00-00:00 isWithin: true
[Watchdog] Palmyra Pizzeria: shouldBeOpen=true, currentStatus=true
[OpeningHours] Slot 11:00-22:00 isWithin: false
[Watchdog] MATGO: shouldBeOpen=false, currentStatus=false
[OpeningHours] Slot 00:00-00:00 isWithin: true
[Watchdog] Palmyra Pizzeria: shouldBeOpen=true, currentStatus=true
[OpeningHours] Slot 11:00-22:00 isWithin: false
[Watchdog] MATGO: shouldBeOpen=false, currentStatus=false
[OpeningHours] Slot 00:00-00:00 isWithin: true
[Watchdog] Palmyra Pizzeria: shouldBeOpen=true, currentStatus=true
[OpeningHours] Slot 00:00-00:00 isWithin: true
[OpeningHours] Slot 11:00-22:00 isWithin: false
[Watchdog] MATGO: shouldBeOpen=false, currentStatus=false
[OpeningHours] Slot 00:00-00:00 isWithin: true
[Watchdog] Palmyra Pizzeria: shouldBeOpen=true, currentStatus=true
[OpeningHours] Slot 11:00-22:00 isWithin: false
[Watchdog] MATGO: shouldBeOpen=false, currentStatus=false
[OpeningHours] Slot 00:00-00:00 isWithin: true
[Watchdog] Palmyra Pizzeria: shouldBeOpen=true, currentStatus=true
[OpeningHours] Slot 11:00-22:00 isWithin: false
[Watchdog] MATGO: shouldBeOpen=false, currentStatus=false
[OpeningHours] Slot 00:00-00:00 isWithin: true
[Watchdog] Palmyra Pizzeria: shouldBeOpen=true, currentStatus=true
[OpeningHours] Slot 11:00-22:00 isWithin: false
[Watchdog] MATGO: shouldBeOpen=false, currentStatus=false
[OpeningHours] Slot 00:00-00:00 isWithin: true
[Watchdog] Palmyra Pizzeria: shouldBeOpen=true, currentStatus=true
[OpeningHours] Slot 11:00-22:00 isWithin: false
[Watchdog] MATGO: shouldBeOpen=false, currentStatus=false
[OpeningHours] Slot 00:00-00:00 isWithin: true
[Watchdog] Palmyra Pizzeria: shouldBeOpen=true, currentStatus=true
[OpeningHours] Slot 11:00-22:00 isWithin: false
[Watchdog] MATGO: shouldBeOpen=false, currentStatus=false
[OpeningHours] Slot 00:00-00:00 isWithin: true
[Watchdog] Palmyra Pizzeria: shouldBeOpen=true, currentStatus=true
[OpeningHours] Slot 11:00-22:00 isWithin: false
[Watchdog] MATGO: shouldBeOpen=false, currentStatus=false
[OpeningHours] Slot 00:00-00:00 isWithin: true
[Watchdog] Palmyra Pizzeria: shouldBeOpen=true, currentStatus=true
[OpeningHours] Slot 11:00-22:00 isWithin: false
[Watchdog] MATGO: shouldBeOpen=false, currentStatus=false
[OpeningHours] Slot 00:00-00:00 isWithin: true
[Watchdog] Palmyra Pizzeria: shouldBeOpen=true, currentStatus=true
[OpeningHours] Slot 11:00-22:00 isWithin: false
[Watchdog] MATGO: shouldBeOpen=false, currentStatus=false
[OpeningHours] Slot 00:00-00:00 isWithin: true
[Watchdog] Palmyra Pizzeria: shouldBeOpen=true, currentStatus=true
[OpeningHours] Slot 11:00-22:00 isWithin: false
[Watchdog] MATGO: shouldBeOpen=false, currentStatus=false
[OpeningHours] Slot 00:00-00:00 isWithin: true
[Watchdog] Palmyra Pizzeria: shouldBeOpen=true, currentStatus=true
[OpeningHours] Slot 11:00-22:00 isWithin: false
[Watchdog] MATGO: shouldBeOpen=false, currentStatus=false
[OpeningHours] Slot 00:00-00:00 isWithin: true
[Watchdog] Palmyra Pizzeria: shouldBeOpen=true, currentStatus=true
[OpeningHours] Slot 11:00-22:00 isWithin: false
[Watchdog] MATGO: shouldBeOpen=false, currentStatus=false
[OpeningHours] Slot 00:00-00:00 isWithin: true
[Watchdog] Palmyra Pizzeria: shouldBeOpen=true, currentStatus=true
[OpeningHours] Slot 11:00-22:00 isWithin: false
[Watchdog] MATGO: shouldBeOpen=false, currentStatus=false
[OpeningHours] Slot 00:00-00:00 isWithin: true
[Watchdog] Palmyra Pizzeria: shouldBeOpen=true, currentStatus=true
[OpeningHours] Slot 11:00-22:00 isWithin: false
[Watchdog] MATGO: shouldBeOpen=false, currentStatus=false
[OpeningHours] Slot 00:00-00:00 isWithin: true
[Watchdog] Palmyra Pizzeria: shouldBeOpen=true, currentStatus=true
[OpeningHours] Slot 11:00-22:00 isWithin: false
[Watchdog] MATGO: shouldBeOpen=false, currentStatus=false
[OpeningHours] Slot 00:00-00:00 isWithin: true
[Watchdog] Palmyra Pizzeria: shouldBeOpen=true, currentStatus=true
❌ Client disconnected: Y1lLgh3mbufY2r4gAABG
🔌 Client connected: NuGxZDuvxdVeQUMnAABJ
👮 Restaurant admin joined room cmnxhfd1z000110wjrhizs4nh: NuGxZDuvxdVeQUMnAABJ
[OpeningHours] Slot 00:00-00:00 isWithin: true
[OpeningHours] Slot 00:00-00:00 isWithin: true
[OpeningHours] Slot 11:00-22:00 isWithin: false
[Watchdog] MATGO: shouldBeOpen=false, currentStatus=false
[OpeningHours] Slot 00:00-00:00 isWithin: true
[Watchdog] Palmyra Pizzeria: shouldBeOpen=true, currentStatus=true
[OpeningHours] Slot 11:00-22:00 isWithin: false
[Watchdog] MATGO: shouldBeOpen=false, currentStatus=false
[OpeningHours] Slot 00:00-00:00 isWithin: true
[Watchdog] Palmyra Pizzeria: shouldBeOpen=true, currentStatus=true
[OpeningHours] Slot 11:00-22:00 isWithin: false
[Watchdog] MATGO: shouldBeOpen=false, currentStatus=false
[OpeningHours] Slot 00:00-00:00 isWithin: true
[Watchdog] Palmyra Pizzeria: shouldBeOpen=true, currentStatus=true
[OpeningHours] Slot 11:00-22:00 isWithin: false
[Watchdog] MATGO: shouldBeOpen=false, currentStatus=false
[OpeningHours] Slot 00:00-00:00 isWithin: true
[Watchdog] Palmyra Pizzeria: shouldBeOpen=true, currentStatus=true
[OpeningHours] Slot 11:00-22:00 isWithin: false
[Watchdog] MATGO: shouldBeOpen=false, currentStatus=false
[OpeningHours] Slot 00:00-00:00 isWithin: true
[Watchdog] Palmyra Pizzeria: shouldBeOpen=true, currentStatus=true
[OpeningHours] Slot 11:00-22:00 isWithin: false
[Watchdog] MATGO: shouldBeOpen=false, currentStatus=false
[OpeningHours] Slot 00:00-00:00 isWithin: true
[Watchdog] Palmyra Pizzeria: shouldBeOpen=true, currentStatus=true
[OpeningHours] Slot 11:00-22:00 isWithin: false
[Watchdog] MATGO: shouldBeOpen=false, currentStatus=false
[OpeningHours] Slot 00:00-00:00 isWithin: true
[Watchdog] Palmyra Pizzeria: shouldBeOpen=true, currentStatus=true
[OpeningHours] Slot 11:00-22:00 isWithin: false
[Watchdog] MATGO: shouldBeOpen=false, currentStatus=false
[OpeningHours] Slot 00:00-00:00 isWithin: true
[Watchdog] Palmyra Pizzeria: shouldBeOpen=true, currentStatus=true
[OpeningHours] Slot 11:00-22:00 isWithin: false
[Watchdog] MATGO: shouldBeOpen=false, currentStatus=false
[OpeningHours] Slot 00:00-00:00 isWithin: true
[Watchdog] Palmyra Pizzeria: shouldBeOpen=true, currentStatus=true
[OpeningHours] Slot 11:00-22:00 isWithin: false
[Watchdog] MATGO: shouldBeOpen=false, currentStatus=false
[OpeningHours] Slot 00:00-00:00 isWithin: true
[Watchdog] Palmyra Pizzeria: shouldBeOpen=true, currentStatus=true
[OpeningHours] Slot 11:00-22:00 isWithin: false
[Watchdog] MATGO: shouldBeOpen=false, currentStatus=false
[OpeningHours] Slot 00:00-00:00 isWithin: true
[Watchdog] Palmyra Pizzeria: shouldBeOpen=true, currentStatus=true
[OpeningHours] Slot 11:00-22:00 isWithin: false
[Watchdog] MATGO: shouldBeOpen=false, currentStatus=false
[OpeningHours] Slot 00:00-00:00 isWithin: true
[Watchdog] Palmyra Pizzeria: shouldBeOpen=true, currentStatus=true
[OpeningHours] Slot 11:00-22:00 isWithin: false
[Watchdog] MATGO: shouldBeOpen=false, currentStatus=false
[OpeningHours] Slot 00:00-00:00 isWithin: true
[Watchdog] Palmyra Pizzeria: shouldBeOpen=true, currentStatus=true
[OpeningHours] Slot 11:00-22:00 isWithin: false
[Watchdog] MATGO: shouldBeOpen=false, currentStatus=false
[OpeningHours] Slot 00:00-00:00 isWithin: true
[Watchdog] Palmyra Pizzeria: shouldBeOpen=true, currentStatus=true
[OpeningHours] Slot 11:00-22:00 isWithin: false
[Watchdog] MATGO: shouldBeOpen=false, currentStatus=false
[OpeningHours] Slot 00:00-00:00 isWithin: true
[Watchdog] Palmyra Pizzeria: shouldBeOpen=true, currentStatus=true
[OpeningHours] Slot 11:00-22:00 isWithin: false
[Watchdog] MATGO: shouldBeOpen=false, currentStatus=false
[OpeningHours] Slot 00:00-00:00 isWithin: true
[Watchdog] Palmyra Pizzeria: shouldBeOpen=true, currentStatus=true
[OpeningHours] Slot 11:00-22:00 isWithin: false
[Watchdog] MATGO: shouldBeOpen=false, currentStatus=false
[OpeningHours] Slot 00:00-00:00 isWithin: true
[Watchdog] Palmyra Pizzeria: shouldBeOpen=true, currentStatus=true
[OpeningHours] Slot 11:00-22:00 isWithin: false
[Watchdog] MATGO: shouldBeOpen=false, currentStatus=false
[OpeningHours] Slot 00:00-00:00 isWithin: true
[Watchdog] Palmyra Pizzeria: shouldBeOpen=true, currentStatus=true
[OpeningHours] Slot 11:00-22:00 isWithin: false
[Watchdog] MATGO: shouldBeOpen=false, currentStatus=false
[OpeningHours] Slot 00:00-00:00 isWithin: true
[Watchdog] Palmyra Pizzeria: shouldBeOpen=true, currentStatus=true
[OpeningHours] Slot 11:00-22:00 isWithin: false
[Watchdog] MATGO: shouldBeOpen=false, currentStatus=false
[OpeningHours] Slot 00:00-00:00 isWithin: true
[Watchdog] Palmyra Pizzeria: shouldBeOpen=true, currentStatus=true
[OpeningHours] Slot 11:00-22:00 isWithin: false
[Watchdog] MATGO: shouldBeOpen=false, currentStatus=false
[OpeningHours] Slot 00:00-00:00 isWithin: true
[Watchdog] Palmyra Pizzeria: shouldBeOpen=true, currentStatus=true
[OpeningHours] Slot 11:00-22:00 isWithin: false
[Watchdog] MATGO: shouldBeOpen=false, currentStatus=false
[OpeningHours] Slot 00:00-00:00 isWithin: true
[Watchdog] Palmyra Pizzeria: shouldBeOpen=true, currentStatus=true
[OpeningHours] Slot 11:00-22:00 isWithin: false
[Watchdog] MATGO: shouldBeOpen=false, currentStatus=false
[OpeningHours] Slot 00:00-00:00 isWithin: true
[Watchdog] Palmyra Pizzeria: shouldBeOpen=true, currentStatus=true
[OpeningHours] Slot 11:00-22:00 isWithin: false
[Watchdog] MATGO: shouldBeOpen=false, currentStatus=false
[OpeningHours] Slot 00:00-00:00 isWithin: true
[Watchdog] Palmyra Pizzeria: shouldBeOpen=true, currentStatus=true
[OpeningHours] Slot 11:00-22:00 isWithin: false
[Watchdog] MATGO: shouldBeOpen=false, currentStatus=false
[OpeningHours] Slot 00:00-00:00 isWithin: true
[Watchdog] Palmyra Pizzeria: shouldBeOpen=true, currentStatus=true
[OpeningHours] Slot 11:00-22:00 isWithin: false
[Watchdog] MATGO: shouldBeOpen=false, currentStatus=false
[OpeningHours] Slot 00:00-00:00 isWithin: true
[Watchdog] Palmyra Pizzeria: shouldBeOpen=true, currentStatus=true
[OpeningHours] Slot 11:00-22:00 isWithin: false
[Watchdog] MATGO: shouldBeOpen=false, currentStatus=false
[OpeningHours] Slot 00:00-00:00 isWithin: true
[Watchdog] Palmyra Pizzeria: shouldBeOpen=true, currentStatus=true
[OpeningHours] Slot 11:00-22:00 isWithin: false
[Watchdog] MATGO: shouldBeOpen=false, currentStatus=false
[OpeningHours] Slot 00:00-00:00 isWithin: true
[Watchdog] Palmyra Pizzeria: shouldBeOpen=true, currentStatus=true
[OpeningHours] Slot 11:00-22:00 isWithin: false
[Watchdog] MATGO: shouldBeOpen=false, currentStatus=false
[OpeningHours] Slot 00:00-00:00 isWithin: true
[Watchdog] Palmyra Pizzeria: shouldBeOpen=true, currentStatus=true
[OpeningHours] Slot 11:00-22:00 isWithin: false
[Watchdog] MATGO: shouldBeOpen=false, currentStatus=false
[OpeningHours] Slot 00:00-00:00 isWithin: true
[Watchdog] Palmyra Pizzeria: shouldBeOpen=true, currentStatus=true
[OpeningHours] Slot 11:00-22:00 isWithin: false
[Watchdog] MATGO: shouldBeOpen=false, currentStatus=false
[OpeningHours] Slot 00:00-00:00 isWithin: true
[Watchdog] Palmyra Pizzeria: shouldBeOpen=true, currentStatus=true
[OpeningHours] Slot 11:00-22:00 isWithin: false
[Watchdog] MATGO: shouldBeOpen=false, currentStatus=false
[OpeningHours] Slot 00:00-00:00 isWithin: true
[Watchdog] Palmyra Pizzeria: shouldBeOpen=true, currentStatus=true
[OpeningHours] Slot 11:00-22:00 isWithin: false
[Watchdog] MATGO: shouldBeOpen=false, currentStatus=false
[OpeningHours] Slot 00:00-00:00 isWithin: true
[Watchdog] Palmyra Pizzeria: shouldBeOpen=true, currentStatus=true
[OpeningHours] Slot 11:00-22:00 isWithin: false
[Watchdog] MATGO: shouldBeOpen=false, currentStatus=false
[OpeningHours] Slot 00:00-00:00 isWithin: true
[Watchdog] Palmyra Pizzeria: shouldBeOpen=true, currentStatus=true
[OpeningHours] Slot 11:00-22:00 isWithin: false
[Watchdog] MATGO: shouldBeOpen=false, currentStatus=false
[OpeningHours] Slot 00:00-00:00 isWithin: true
[Watchdog] Palmyra Pizzeria: shouldBeOpen=true, currentStatus=true
[OpeningHours] Slot 11:00-22:00 isWithin: false
[Watchdog] MATGO: shouldBeOpen=false, currentStatus=false
[OpeningHours] Slot 00:00-00:00 isWithin: true
[Watchdog] Palmyra Pizzeria: shouldBeOpen=true, currentStatus=true
[OpeningHours] Slot 11:00-22:00 isWithin: false
[Watchdog] MATGO: shouldBeOpen=false, currentStatus=false
[OpeningHours] Slot 00:00-00:00 isWithin: true
[Watchdog] Palmyra Pizzeria: shouldBeOpen=true, currentStatus=true
[OpeningHours] Slot 11:00-22:00 isWithin: false
[Watchdog] MATGO: shouldBeOpen=false, currentStatus=false
[OpeningHours] Slot 00:00-00:00 isWithin: true
[Watchdog] Palmyra Pizzeria: shouldBeOpen=true, currentStatus=true
[OpeningHours] Slot 11:00-22:00 isWithin: false
[Watchdog] MATGO: shouldBeOpen=false, currentStatus=false
[OpeningHours] Slot 00:00-00:00 isWithin: true
[Watchdog] Palmyra Pizzeria: shouldBeOpen=true, currentStatus=true
[OpeningHours] Slot 11:00-22:00 isWithin: false
[Watchdog] MATGO: shouldBeOpen=false, currentStatus=false
[OpeningHours] Slot 00:00-00:00 isWithin: true
[Watchdog] Palmyra Pizzeria: shouldBeOpen=true, currentStatus=true
[OpeningHours] Slot 11:00-22:00 isWithin: false
[Watchdog] MATGO: shouldBeOpen=false, currentStatus=false
[OpeningHours] Slot 00:00-00:00 isWithin: true
[Watchdog] Palmyra Pizzeria: shouldBeOpen=true, currentStatus=true
[OpeningHours] Slot 11:00-22:00 isWithin: false
[Watchdog] MATGO: shouldBeOpen=false, currentStatus=false
[OpeningHours] Slot 00:00-00:00 isWithin: true
[Watchdog] Palmyra Pizzeria: shouldBeOpen=true, currentStatus=true
[OpeningHours] Slot 11:00-22:00 isWithin: false
[Watchdog] MATGO: shouldBeOpen=false, currentStatus=false
[OpeningHours] Slot 00:00-00:00 isWithin: true
[Watchdog] Palmyra Pizzeria: shouldBeOpen=true, currentStatus=true
[OpeningHours] Slot 11:00-22:00 isWithin: false
[Watchdog] MATGO: shouldBeOpen=false, currentStatus=false
[OpeningHours] Slot 00:00-00:00 isWithin: true
[Watchdog] Palmyra Pizzeria: shouldBeOpen=true, currentStatus=true
[OpeningHours] Slot 11:00-22:00 isWithin: false
[Watchdog] MATGO: shouldBeOpen=false, currentStatus=false
[OpeningHours] Slot 00:00-00:00 isWithin: true
[Watchdog] Palmyra Pizzeria: shouldBeOpen=true, currentStatus=true
[OpeningHours] Slot 11:00-22:00 isWithin: false
[Watchdog] MATGO: shouldBeOpen=false, currentStatus=false
[OpeningHours] Slot 00:00-00:00 isWithin: true
[Watchdog] Palmyra Pizzeria: shouldBeOpen=true, currentStatus=true
[OpeningHours] Slot 11:00-22:00 isWithin: false
[Watchdog] MATGO: shouldBeOpen=false, currentStatus=false
[OpeningHours] Slot 00:00-00:00 isWithin: true
[Watchdog] Palmyra Pizzeria: shouldBeOpen=true, currentStatus=true
[OpeningHours] Slot 11:00-22:00 isWithin: false
[Watchdog] MATGO: shouldBeOpen=false, currentStatus=false
[OpeningHours] Slot 00:00-00:00 isWithin: true
[Watchdog] Palmyra Pizzeria: shouldBeOpen=true, currentStatus=true
[OpeningHours] Slot 11:00-22:00 isWithin: false
[Watchdog] MATGO: shouldBeOpen=false, currentStatus=false
[OpeningHours] Slot 00:00-00:00 isWithin: true
[Watchdog] Palmyra Pizzeria: shouldBeOpen=true, currentStatus=true
[OpeningHours] Slot 11:00-22:00 isWithin: false
[Watchdog] MATGO: shouldBeOpen=false, currentStatus=false
[OpeningHours] Slot 00:00-00:00 isWithin: true
[Watchdog] Palmyra Pizzeria: shouldBeOpen=true, currentStatus=true
[OpeningHours] Slot 11:00-22:00 isWithin: false
[Watchdog] MATGO: shouldBeOpen=false, currentStatus=false
[OpeningHours] Slot 00:00-00:00 isWithin: true
[Watchdog] Palmyra Pizzeria: shouldBeOpen=true, currentStatus=true
[OpeningHours] Slot 11:00-22:00 isWithin: false
[Watchdog] MATGO: shouldBeOpen=false, currentStatus=false
[OpeningHours] Slot 00:00-00:00 isWithin: true
[Watchdog] Palmyra Pizzeria: shouldBeOpen=true, currentStatus=true
[OpeningHours] Slot 11:00-22:00 isWithin: false
[Watchdog] MATGO: shouldBeOpen=false, currentStatus=false
[OpeningHours] Slot 00:00-00:00 isWithin: true
[Watchdog] Palmyra Pizzeria: shouldBeOpen=true, currentStatus=true
[OpeningHours] Slot 11:00-22:00 isWithin: false
[Watchdog] MATGO: shouldBeOpen=false, currentStatus=false
[OpeningHours] Slot 00:00-00:00 isWithin: true
[Watchdog] Palmyra Pizzeria: shouldBeOpen=true, currentStatus=true
[OpeningHours] Slot 11:00-22:00 isWithin: false
[Watchdog] MATGO: shouldBeOpen=false, currentStatus=false
[OpeningHours] Slot 00:00-00:00 isWithin: true
[Watchdog] Palmyra Pizzeria: shouldBeOpen=true, currentStatus=true
[OpeningHours] Slot 11:00-22:00 isWithin: false
[Watchdog] MATGO: shouldBeOpen=false, currentStatus=false
[OpeningHours] Slot 00:00-00:00 isWithin: true
[Watchdog] Palmyra Pizzeria: shouldBeOpen=true, currentStatus=true
[OpeningHours] Slot 11:00-22:00 isWithin: false
[Watchdog] MATGO: shouldBeOpen=false, currentStatus=false
[OpeningHours] Slot 00:00-00:00 isWithin: true
[Watchdog] Palmyra Pizzeria: shouldBeOpen=true, currentStatus=true
[OpeningHours] Slot 11:00-22:00 isWithin: false
[Watchdog] MATGO: shouldBeOpen=false, currentStatus=false
[OpeningHours] Slot 00:00-00:00 isWithin: true
[Watchdog] Palmyra Pizzeria: shouldBeOpen=true, currentStatus=true
[OpeningHours] Slot 11:00-22:00 isWithin: false
[Watchdog] MATGO: shouldBeOpen=false, currentStatus=false
[OpeningHours] Slot 00:00-00:00 isWithin: true
[Watchdog] Palmyra Pizzeria: shouldBeOpen=true, currentStatus=true
[OpeningHours] Slot 11:00-22:00 isWithin: false
[Watchdog] MATGO: shouldBeOpen=false, currentStatus=false
[OpeningHours] Slot 00:00-00:00 isWithin: true
[Watchdog] Palmyra Pizzeria: shouldBeOpen=true, currentStatus=true
[OpeningHours] Slot 11:00-22:00 isWithin: false
[Watchdog] MATGO: shouldBeOpen=false, currentStatus=false
[OpeningHours] Slot 00:00-00:00 isWithin: true
[Watchdog] Palmyra Pizzeria: shouldBeOpen=true, currentStatus=true
[OpeningHours] Slot 11:00-22:00 isWithin: false
[Watchdog] MATGO: shouldBeOpen=false, currentStatus=false
[OpeningHours] Slot 00:00-00:00 isWithin: true
[Watchdog] Palmyra Pizzeria: shouldBeOpen=true, currentStatus=true
[OpeningHours] Slot 11:00-22:00 isWithin: false
[Watchdog] MATGO: shouldBeOpen=false, currentStatus=false
[OpeningHours] Slot 00:00-00:00 isWithin: true
[Watchdog] Palmyra Pizzeria: shouldBeOpen=true, currentStatus=true
[OpeningHours] Slot 11:00-22:00 isWithin: false
[Watchdog] MATGO: shouldBeOpen=false, currentStatus=false
[OpeningHours] Slot 00:00-00:00 isWithin: true
[Watchdog] Palmyra Pizzeria: shouldBeOpen=true, currentStatus=true
[OpeningHours] Slot 11:00-22:00 isWithin: false
[Watchdog] MATGO: shouldBeOpen=false, currentStatus=false
[OpeningHours] Slot 00:00-00:00 isWithin: true
[Watchdog] Palmyra Pizzeria: shouldBeOpen=true, currentStatus=true
[OpeningHours] Slot 11:00-22:00 isWithin: false
[Watchdog] MATGO: shouldBeOpen=false, currentStatus=false
[OpeningHours] Slot 00:00-00:00 isWithin: true
[Watchdog] Palmyra Pizzeria: shouldBeOpen=true, currentStatus=true
[OpeningHours] Slot 11:00-22:00 isWithin: false
[Watchdog] MATGO: shouldBeOpen=false, currentStatus=false
[OpeningHours] Slot 00:00-00:00 isWithin: true
[Watchdog] Palmyra Pizzeria: shouldBeOpen=true, currentStatus=true
[OpeningHours] Slot 11:00-22:00 isWithin: false
[Watchdog] MATGO: shouldBeOpen=false, currentStatus=false
[OpeningHours] Slot 00:00-00:00 isWithin: true
[Watchdog] Palmyra Pizzeria: shouldBeOpen=true, currentStatus=true
[OpeningHours] Slot 11:00-22:00 isWithin: false
[Watchdog] MATGO: shouldBeOpen=false, currentStatus=false
[OpeningHours] Slot 00:00-00:00 isWithin: true
[Watchdog] Palmyra Pizzeria: shouldBeOpen=true, currentStatus=true
[OpeningHours] Slot 11:00-22:00 isWithin: false
[Watchdog] MATGO: shouldBeOpen=false, currentStatus=false
[OpeningHours] Slot 00:00-00:00 isWithin: true
[Watchdog] Palmyra Pizzeria: shouldBeOpen=true, currentStatus=true
[OpeningHours] Slot 11:00-22:00 isWithin: false
[Watchdog] MATGO: shouldBeOpen=false, currentStatus=false
[OpeningHours] Slot 00:00-00:00 isWithin: true
[Watchdog] Palmyra Pizzeria: shouldBeOpen=true, currentStatus=true
[OpeningHours] Slot 11:00-22:00 isWithin: false
[Watchdog] MATGO: shouldBeOpen=false, currentStatus=false
[OpeningHours] Slot 00:00-00:00 isWithin: true
[Watchdog] Palmyra Pizzeria: shouldBeOpen=true, currentStatus=true
[OpeningHours] Slot 11:00-22:00 isWithin: false
[Watchdog] MATGO: shouldBeOpen=false, currentStatus=false
[OpeningHours] Slot 00:00-00:00 isWithin: true
[Watchdog] Palmyra Pizzeria: shouldBeOpen=true, currentStatus=true
[OpeningHours] Slot 11:00-22:00 isWithin: false
[Watchdog] MATGO: shouldBeOpen=false, currentStatus=false
[OpeningHours] Slot 00:00-00:00 isWithin: true
[Watchdog] Palmyra Pizzeria: shouldBeOpen=true, currentStatus=true
[OpeningHours] Slot 11:00-22:00 isWithin: false
[Watchdog] MATGO: shouldBeOpen=false, currentStatus=false
[OpeningHours] Slot 00:00-00:00 isWithin: true
[Watchdog] Palmyra Pizzeria: shouldBeOpen=true, currentStatus=true
[OpeningHours] Slot 11:00-22:00 isWithin: false
[Watchdog] MATGO: shouldBeOpen=false, currentStatus=false
[OpeningHours] Slot 00:00-00:00 isWithin: true
[Watchdog] Palmyra Pizzeria: shouldBeOpen=true, currentStatus=true
[OpeningHours] Slot 11:00-22:00 isWithin: false
[Watchdog] MATGO: shouldBeOpen=false, currentStatus=false
[OpeningHours] Slot 00:00-00:00 isWithin: true
[Watchdog] Palmyra Pizzeria: shouldBeOpen=true, currentStatus=true
[OpeningHours] Slot 11:00-22:00 isWithin: false
[Watchdog] MATGO: shouldBeOpen=false, currentStatus=false
[OpeningHours] Slot 00:00-00:00 isWithin: true
[Watchdog] Palmyra Pizzeria: shouldBeOpen=true, currentStatus=true
[OpeningHours] Slot 11:00-22:00 isWithin: false
[Watchdog] MATGO: shouldBeOpen=false, currentStatus=false
[OpeningHours] Slot 00:00-00:00 isWithin: true
[Watchdog] Palmyra Pizzeria: shouldBeOpen=true, currentStatus=true
[OpeningHours] Slot 11:00-22:00 isWithin: false
[Watchdog] MATGO: shouldBeOpen=false, currentStatus=false
[OpeningHours] Slot 00:00-00:00 isWithin: true
[Watchdog] Palmyra Pizzeria: shouldBeOpen=true, currentStatus=true
[OpeningHours] Slot 11:00-22:00 isWithin: false
[Watchdog] MATGO: shouldBeOpen=false, currentStatus=false
[OpeningHours] Slot 00:00-00:00 isWithin: true
[Watchdog] Palmyra Pizzeria: shouldBeOpen=true, currentStatus=true
[OpeningHours] Slot 11:00-22:00 isWithin: false
[Watchdog] MATGO: shouldBeOpen=false, currentStatus=false
[OpeningHours] Slot 00:00-00:00 isWithin: true
[Watchdog] Palmyra Pizzeria: shouldBeOpen=true, currentStatus=true
[OpeningHours] Slot 11:00-22:00 isWithin: false
[Watchdog] MATGO: shouldBeOpen=false, currentStatus=false
[OpeningHours] Slot 00:00-00:00 isWithin: true
[Watchdog] Palmyra Pizzeria: shouldBeOpen=true, currentStatus=true
[OpeningHours] Slot 11:00-22:00 isWithin: false
[Watchdog] MATGO: shouldBeOpen=false, currentStatus=false
[OpeningHours] Slot 00:00-00:00 isWithin: true
[Watchdog] Palmyra Pizzeria: shouldBeOpen=true, currentStatus=true
[OpeningHours] Slot 11:00-22:00 isWithin: false
[Watchdog] MATGO: shouldBeOpen=false, currentStatus=false
[OpeningHours] Slot 00:00-00:00 isWithin: true
[Watchdog] Palmyra Pizzeria: shouldBeOpen=true, currentStatus=true
[OpeningHours] Slot 11:00-22:00 isWithin: false
[Watchdog] MATGO: shouldBeOpen=false, currentStatus=false
[OpeningHours] Slot 00:00-00:00 isWithin: true
[Watchdog] Palmyra Pizzeria: shouldBeOpen=true, currentStatus=true
[OpeningHours] Slot 11:00-22:00 isWithin: false
[Watchdog] MATGO: shouldBeOpen=false, currentStatus=false
[OpeningHours] Slot 00:00-00:00 isWithin: true
[Watchdog] Palmyra Pizzeria: shouldBeOpen=true, currentStatus=true
[OpeningHours] Slot 11:00-22:00 isWithin: false
[Watchdog] MATGO: shouldBeOpen=false, currentStatus=false
[OpeningHours] Slot 00:00-00:00 isWithin: true
[Watchdog] Palmyra Pizzeria: shouldBeOpen=true, currentStatus=true
[OpeningHours] Slot 11:00-22:00 isWithin: false
[Watchdog] MATGO: shouldBeOpen=false, currentStatus=false
[OpeningHours] Slot 00:00-00:00 isWithin: true
[Watchdog] Palmyra Pizzeria: shouldBeOpen=true, currentStatus=true
[OpeningHours] Slot 11:00-22:00 isWithin: false
[Watchdog] MATGO: shouldBeOpen=false, currentStatus=false
[OpeningHours] Slot 00:00-00:00 isWithin: true
[Watchdog] Palmyra Pizzeria: shouldBeOpen=true, currentStatus=true
[OpeningHours] Slot 11:00-22:00 isWithin: false
[Watchdog] MATGO: shouldBeOpen=false, currentStatus=false
[OpeningHours] Slot 00:00-00:00 isWithin: true
[Watchdog] Palmyra Pizzeria: shouldBeOpen=true, currentStatus=true
[OpeningHours] Slot 11:00-22:00 isWithin: false
[Watchdog] MATGO: shouldBeOpen=false, currentStatus=false
[OpeningHours] Slot 00:00-00:00 isWithin: true
[Watchdog] Palmyra Pizzeria: shouldBeOpen=true, currentStatus=true
[OpeningHours] Slot 11:00-22:00 isWithin: false
[Watchdog] MATGO: shouldBeOpen=false, currentStatus=false
[OpeningHours] Slot 00:00-00:00 isWithin: true
[Watchdog] Palmyra Pizzeria: shouldBeOpen=true, currentStatus=true
[OpeningHours] Slot 11:00-22:00 isWithin: false
[Watchdog] MATGO: shouldBeOpen=false, currentStatus=false
[OpeningHours] Slot 00:00-00:00 isWithin: true
[Watchdog] Palmyra Pizzeria: shouldBeOpen=true, currentStatus=true
[OpeningHours] Slot 11:00-22:00 isWithin: false
[Watchdog] MATGO: shouldBeOpen=false, currentStatus=false
[OpeningHours] Slot 00:00-00:00 isWithin: true
[Watchdog] Palmyra Pizzeria: shouldBeOpen=true, currentStatus=true
[OpeningHours] Slot 11:00-22:00 isWithin: false
[Watchdog] MATGO: shouldBeOpen=false, currentStatus=false
[OpeningHours] Slot 00:00-00:00 isWithin: true
[Watchdog] Palmyra Pizzeria: shouldBeOpen=true, currentStatus=true
[OpeningHours] Slot 11:00-22:00 isWithin: false
[Watchdog] MATGO: shouldBeOpen=false, currentStatus=false
[OpeningHours] Slot 00:00-00:00 isWithin: true
[Watchdog] Palmyra Pizzeria: shouldBeOpen=true, currentStatus=true
[OpeningHours] Slot 11:00-22:00 isWithin: false
[Watchdog] MATGO: shouldBeOpen=false, currentStatus=false
[OpeningHours] Slot 00:00-00:00 isWithin: true
[Watchdog] Palmyra Pizzeria: shouldBeOpen=true, currentStatus=true
[OpeningHours] Slot 11:00-22:00 isWithin: false
[Watchdog] MATGO: shouldBeOpen=false, currentStatus=false
[OpeningHours] Slot 00:00-00:00 isWithin: true
[Watchdog] Palmyra Pizzeria: shouldBeOpen=true, currentStatus=true
[OpeningHours] Slot 11:00-22:00 isWithin: false
[Watchdog] MATGO: shouldBeOpen=false, currentStatus=false
[OpeningHours] Slot 00:00-00:00 isWithin: true
[Watchdog] Palmyra Pizzeria: shouldBeOpen=true, currentStatus=true
[OpeningHours] Slot 11:00-22:00 isWithin: false
[Watchdog] MATGO: shouldBeOpen=false, currentStatus=false
[OpeningHours] Slot 00:00-00:00 isWithin: true
[Watchdog] Palmyra Pizzeria: shouldBeOpen=true, currentStatus=true
[OpeningHours] Slot 11:00-22:00 isWithin: false
[Watchdog] MATGO: shouldBeOpen=false, currentStatus=false
[OpeningHours] Slot 00:00-00:00 isWithin: true
[Watchdog] Palmyra Pizzeria: shouldBeOpen=true, currentStatus=true
❌ Client disconnected: NuGxZDuvxdVeQUMnAABJ
[OpeningHours] Slot 11:00-22:00 isWithin: false
[Watchdog] MATGO: shouldBeOpen=false, currentStatus=false
[OpeningHours] Slot 00:00-00:00 isWithin: true
[Watchdog] Palmyra Pizzeria: shouldBeOpen=true, currentStatus=true
